Recipe_id,Region,Sub_region,Continent,"Carbohydrate, by difference (g)",Energy (kcal),Protein (g),Total lipid (fat) (g)
47203,Middle Eastern,Egyptian,African,53950.0342,450998.7263,66.0454,27375.2088
47277,Middle Eastern,Egyptian,African,329.4819,523337.3150,40657.4203,38741.7793
47278,Middle Eastern,Egyptian,African,18.2144,203702.2109,44881.1358,1350.0071
47521,Rest Africa,Namibian,African,69979.7998,389263.4415,5207.9749,9961.4315
47538,Rest Africa,Nigerian,African,125.5284,469495.4125,56766.3292,25273.6612
47592,Rest Africa,Nigerian,African,65893.4056,354254.9363,19445.2551,2699.6702
47602,Rest Africa,Nigerian,African,82355.7384,452330.9019,15606.8709,6269.1154
47640,Rest Africa,Nigerian,African,22192.7739,661694.4800,742.3748,65515.7672
47671,Rest Africa,Nigerian,African,181436.8116,725383.2808,0.0486,0.0132
47689,Rest Africa,Nigerian,African,79963.7235,535519.0333,3532.7925,23977.2753
47718,Rest Africa,Nigerian,African,78572.0075,316613.0325,368.1830,295.3920
47729,Rest Africa,Nigerian,African,50542.2936,271697.0100,9075.7888,3272.9770
47801,Rest Africa,Nigerian,African,7640.8466,2999554.5280,65367.6584,300570.3075
47808,Rest Africa,Nigerian,African,63305.7630,289287.0900,4704.0820,1135.4350
47809,Rest Africa,Nigerian,African,63500.6743,290200.7700,4749.9456,1135.2468
48094,Rest Africa,Nigerian,African,117311.9151,540409.6580,6049.0186,4736.2354
48107,Rest Africa,Nigerian,African,50069.8508,600613.8440,4.5258,43615.0684
48152,Rest Africa,Nigerian,African,5278.5141,302584.3180,19653.0134,22540.6506
48170,Rest Africa,Nigerian,African,58965.1194,351406.2801,19036.7686,5588.2525
48172,Rest Africa,Nigerian,African,76045.9077,357256.8910,169.1278,5939.3886
48194,Rest Africa,Nigerian,African,80714.6929,773621.7343,26056.1416,40885.4907
48197,Rest Africa,Nigerian,African,8041.1255,331580.3695,3306.3355,34343.6966
48224,Rest Africa,Nigerian,African,28.0200,663728.2800,38287.1400,55533.4200
48236,Rest Africa,Nigerian,African,92841.6321,465612.4720,5043.5575,8802.3250
48237,Rest Africa,Nigerian,African,67332.6067,335016.4905,10413.4228,3471.1771
48241,Rest Africa,Nigerian,African,185.7192,241728.1934,47173.2462,5708.3101
48405,Rest Africa,Nigerian,African,25.1465,269562.6848,53131.2498,6174.8467
48458,Rest Africa,Nigerian,African,2046.0613,604667.3832,1494.1625,65578.4802
48485,Rest Africa,Nigerian,African,12764.3184,376306.8358,63615.9593,5640.6586
48515,Rest Africa,Nigerian,African,82.2282,605873.7570,38289.0158,48966.7919
48528,Rest Africa,Nigerian,African,164788.1580,683301.5950,4819.7675,1894.1850
48570,Rest Africa,Nigerian,African,4478.8201,425729.6111,68888.6229,14721.6989
48660,Rest Africa,Nigerian,African,63302.7000,289140.0000,4700.5000,1121.8000
48723,Rest Africa,Nigerian,African,56570.4732,325930.0380,3927.6486,9449.5660
48784,Rest Africa,Nigerian,African,215.9113,203338.3627,44944.8662,1192.9884
48835,Rest Africa,Nigerian,African,72346.2083,1338786.1390,33565.0385,100940.6492
48866,Rest Africa,Nigerian,African,83334.2903,500433.2045,27048.9828,8019.4961
48900,Rest Africa,Nigerian,African,773.1801,205222.2242,269.2638,22740.7398
48922,Rest Africa,Nigerian,African,27441.3434,325050.0900,1340.1665,23803.6154
48969,Rest Africa,Nigerian,African,80164.5531,421021.7808,13480.2491,5155.0212
49045,Rest Africa,Nigerian,African,6930.1250,277357.9000,2775.8980,28619.8400
49090,Rest Africa,Nigerian,African,52152.3078,224987.0136,1172.0826,1318.1660
49115,Rest Africa,Nigerian,African,72353.0342,350685.3880,5967.5925,3620.6075
49185,Rest Africa,Nigerian,African,53449.9827,244331.9461,5284.2160,1181.6973
49216,Rest Africa,Nigerian,African,81290.2103,532341.3100,24293.5224,14517.7376
49264,Rest Africa,Nigerian,African,140801.5183,544843.4370,1546.4160,398.9599
49265,Rest Africa,Nigerian,African,11756.8483,233779.7113,42411.1522,1449.4929
49269,Rest Africa,Nigerian,African,63585.6968,306270.1987,6293.5161,2694.9129
49375,Rest Africa,Nigerian,African,2856.4927,563171.2925,23245.2962,50194.1542
49381,Rest Africa,Nigerian,African,65264.8299,384182.3560,5869.5476,11418.8826
49467,Rest Africa,Nigerian,African,17.7072,265354.1565,52300.4551,6103.1318
49474,Northern Africa,Moroccan,African,67134.0394,325838.1750,11044.0681,554.7325
49499,Northern Africa,Moroccan,African,75578.8563,454211.6700,24590.2985,7291.8945
49635,Northern Africa,Moroccan,African,202.3511,331018.3554,71856.1822,2645.3811
49718,Northern Africa,Moroccan,African,8953.8223,444499.5546,4976.0842,46669.3755
49721,Northern Africa,Moroccan,African,34.2527,606225.5314,38291.7347,49024.3168
49783,Northern Africa,Moroccan,African,11.8484,302962.1507,19150.2146,24495.0639
49794,Northern Africa,Moroccan,African,171510.6394,901004.4597,30887.3685,8935.5892
49815,Northern Africa,Moroccan,African,78626.0203,472281.6999,25515.4218,7581.8220
49849,Northern Africa,Moroccan,African,56513.7790,312348.7976,14611.5173,3364.3739
49868,Northern Africa,Moroccan,African,75782.3479,454740.9133,24600.6169,7247.8466
49872,Northern Africa,Moroccan,African,56643.7242,340663.9945,18515.2083,5449.2687
49959,Northern Africa,Moroccan,African,3.5785,201831.5060,44880.8331,1143.0093
49968,Northern Africa,Moroccan,African,50.4612,726992.5397,45953.9169,58769.0118
49975,Northern Africa,Moroccan,African,75515.3666,453565.3508,24557.8084,7259.2412
49992,Northern Africa,Moroccan,African,75840.5929,455860.3118,24615.6173,7345.3419
49995,Northern Africa,Moroccan,African,391.6668,426088.3488,83684.0757,9776.7914
50001,Northern Africa,Moroccan,African,56917.2322,264301.5195,540.9843,3939.1737
50034,Northern Africa,Moroccan,African,67143.5352,992219.4964,91534.1395,36547.7082
50052,Northern Africa,Moroccan,African,763.5944,393297.5069,16325.9265,35541.6985
50068,Northern Africa,Moroccan,African,151049.3914,907120.2430,49117.1531,14507.8249
50088,Northern Africa,Moroccan,African,75784.5395,302897.7280,10.3407,5.6232
50103,Northern Africa,Moroccan,African,101943.7549,612163.5953,33147.5724,9785.3851
50160,Northern Africa,Moroccan,African,86215.9170,628013.7433,31896.9521,19385.1731
50164,Northern Africa,Moroccan,African,1592.3956,705779.8828,43625.2004,57057.2793
50171,Northern Africa,Moroccan,African,42.6763,853811.9513,31560.4285,79635.1537
50175,Northern Africa,Moroccan,African,75511.0657,453726.5003,24559.3708,7277.1904
50247,Northern Africa,Moroccan,African,65.3526,909228.3740,57431.2541,73521.6033
50423,Northern Africa,Moroccan,African,75521.8441,639449.3943,64923.8002,8777.4351
50433,Northern Africa,Moroccan,African,75525.9260,468601.8316,24601.2627,8933.1598
50447,Northern Africa,Moroccan,African,38.6440,605737.6092,38291.7401,48969.0622
50448,Northern Africa,Moroccan,African,78830.6351,305672.3291,1844.7333,2311.3807
50483,Northern Africa,Moroccan,African,75517.5529,453628.1533,24559.7641,7262.7928
50493,Northern Africa,Moroccan,African,3538.2701,925063.3680,58236.1797,73662.3790
50508,Northern Africa,Moroccan,African,1332.5158,207081.5159,32458.6344,8321.5934
50525,Northern Africa,Moroccan,African,77054.6955,485850.5273,25495.1711,10040.6053
50540,Northern Africa,Moroccan,African,43.8821,242502.4889,53863.3554,1387.0780
50550,Northern Africa,Moroccan,African,48685.0098,504049.3944,9498.9330,30573.4631
50582,Northern Africa,Moroccan,African,4257.8935,419791.4290,72756.9866,12686.6207
50622,Northern Africa,Moroccan,African,761.3925,776927.9748,59393.7055,57861.3803
50674,Northern Africa,Moroccan,African,109037.8712,582291.9416,25223.4350,4968.2399
50678,Northern Africa,Moroccan,African,199.1526,606743.9026,38309.2147,49005.2755
50688,Northern Africa,Moroccan,African,56812.1901,349206.8535,18616.9439,6281.0347
50708,Northern Africa,Moroccan,African,67111.6650,328220.0663,11119.6715,808.6582
50765,Northern Africa,Moroccan,African,75638.2981,453976.4165,24571.5852,7247.9764
50783,Northern Africa,Moroccan,African,67155.5199,328638.8660,11085.7662,838.9338
50827,Northern Africa,Moroccan,African,989.5733,912233.9300,57476.9767,73467.0448
50869,Northern Africa,Moroccan,African,18.8770,718708.3390,45126.7751,58392.8651
50902,Northern Africa,Moroccan,African,63161.2281,611849.2620,514.6403,40498.6694
50942,Northern Africa,Moroccan,African,62775.2859,366592.3229,19011.7290,5615.3916
50993,Northern Africa,Moroccan,African,16.3821,714755.5540,42149.1966,59340.8918
51013,Northern Africa,Libyan,African,27.4902,201872.7748,44885.5943,1136.1711
51021,Northern Africa,Libyan,African,60324.5210,265738.2000,5880.1350,999.8590
51032,Northern Africa,Libyan,African,128980.7923,568247.4567,6601.1037,1801.7551
51044,Rest Africa,Sudanese,African,132.6620,351377.6239,18720.3119,30670.9092
51052,Rest Africa,Nigerian,African,205171.0318,863360.4760,5964.0718,1499.7320
51054,Rest Africa,Nigerian,African,3375.1116,299394.4365,53857.8256,7707.2302
51055,Rest Africa,Nigerian,African,80962.8680,314369.9100,196.6988,39.6866
51061,Rest Africa,Nigerian,African,102996.0474,462307.8560,5067.6601,2804.3126
51072,Rest Africa,Nigerian,African,75664.0860,309402.0220,46.8696,159.5718
51074,Rest Africa,Nigerian,African,217882.3552,934471.2692,7684.6498,2953.3161
51087,Rest Africa,Nigerian,African,60650.9536,290555.9198,5920.6376,2447.4526
51090,Rest Africa,Nigerian,African,150304.0926,1464361.3140,12618.2000,92660.5200
51095,Rest Africa,Nigerian,African,1058.5472,408682.9112,544.0429,45494.5119
51120,Rest Africa,Nigerian,African,54547.3203,247883.8016,2538.2342,2205.7653
51126,Rest Africa,Nigerian,African,64338.3622,310713.8300,5368.9431,2921.9623
51136,Rest Africa,Nigerian,African,5006.7065,338806.4021,40854.9160,16528.8544
51158,Rest Africa,Nigerian,African,110104.5470,464051.6840,1736.3386,3749.3010
51159,Rest Africa,Nigerian,African,167177.0680,847153.0735,5091.2472,19668.6825
51161,Rest Africa,Nigerian,African,77988.3026,347562.0777,1397.4038,3671.8960
51167,Rest Africa,Nigerian,African,51554.2154,223713.2800,683.5560,1806.9986
51180,Rest Africa,Nigerian,African,57.0061,265628.2645,52311.4911,6111.8882
51186,Rest Africa,Nigerian,African,85177.9645,408997.3201,5307.1665,4718.6847
51187,Rest Africa,Nigerian,African,146107.4811,650990.4860,6059.8648,4186.4610
51191,Rest Africa,Nigerian,African,72561.9735,384936.0680,5353.5925,9129.6550
51212,Rest Africa,Nigerian,African,370.6686,244651.1502,337.0251,27354.7497
51213,Rest Africa,Nigerian,African,1829.7146,814651.2740,1057.3000,90821.0000
51220,Rest Africa,Nigerian,African,65571.7127,290856.2200,2933.1785,1529.7238
51221,Rest Africa,Nigerian,African,57649.1089,304238.3348,8298.5471,5306.8253
51237,Rest Africa,Nigerian,African,94348.5957,817993.4444,6024.6650,47343.6108
51255,Rest Africa,Nigerian,African,172906.7426,781822.7766,7007.8801,7730.3046
51259,Rest Africa,Nigerian,African,132123.1481,732686.9627,53821.3619,982.9733
51261,Rest Africa,Nigerian,African,69987.0800,272441.5259,19.2642,164.9642
51272,Rest Africa,Nigerian,African,85503.7032,456988.7663,6079.1274,9970.6641
51275,Rest Africa,Nigerian,African,52878.2697,234541.3393,1638.1758,1869.6105
51290,Rest Africa,Nigerian,African,79766.3725,526109.5665,2045.9819,22246.5935
51295,Rest Africa,Nigerian,African,132396.5720,576314.3800,6291.1200,3077.6050
51306,Rest Africa,Nigerian,African,50790.2625,225535.4583,979.7125,2085.8283
51362,Rest Africa,Nigerian,African,1199.8680,813620.7854,1432.2488,90816.7988
51383,Rest Africa,Nigerian,African,66099.9820,313453.8640,4560.5394,2971.6861
51433,Rest Africa,Nigerian,African,75536.5225,453760.6073,24558.1212,7272.6503
51454,Rest Africa,Nigerian,African,68.5549,727119.3434,45949.5967,58780.0434
51481,Rest Africa,Nigerian,African,94766.7034,432134.1886,5153.3734,3165.7498
51494,Rest Africa,Nigerian,African,66463.3978,313251.8100,6136.8875,2785.1478
51731,Chinese and Mongolian,Chinese,Asian,34.0788,366024.9911,29961.0818,26427.3991
51961,Chinese and Mongolian,Chinese,Asian,67513.1141,274360.1400,355.4320,127.0808
51982,Chinese and Mongolian,Chinese,Asian,15.1261,767581.5800,28402.5966,71585.9928
52325,Chinese and Mongolian,Chinese,Asian,38.3112,341445.2450,12633.4638,31830.2414
52451,Chinese and Mongolian,Chinese,Asian,2677.2470,326532.5577,38973.0110,16891.7702
52545,Chinese and Mongolian,Chinese,Asian,46.6070,578979.4409,54844.3053,40049.4700
52599,Chinese and Mongolian,Chinese,Asian,108.6098,279696.2643,49056.2013,7735.4312
52958,Chinese and Mongolian,Chinese,Asian,39.7131,1023543.6480,37863.8361,95452.3620
53125,Chinese and Mongolian,Chinese,Asian,31668.2776,299774.1400,32807.0956,3323.5140
53131,Chinese and Mongolian,Chinese,Asian,8387.4038,250414.1679,42403.9206,3756.9817
53196,Chinese and Mongolian,Chinese,Asian,5385.1482,221732.3655,2303.1065,22919.3420
53267,Chinese and Mongolian,Chinese,Asian,13.5754,159594.2909,31443.4740,3673.7053
53849,Chinese and Mongolian,Chinese,Asian,6389.5979,316823.0340,3484.9452,33292.8488
54112,Chinese and Mongolian,Chinese,Asian,5841.0695,243730.9400,5352.8381,23719.7901
54258,Chinese and Mongolian,Chinese,Asian,10590.8785,350001.5597,5946.9291,34682.5701
54367,Chinese and Mongolian,Chinese,Asian,4872.8747,239078.1300,2633.9877,25098.0828
54567,Chinese and Mongolian,Chinese,Asian,6402.0081,316932.6950,3491.1595,33297.7927
54621,Chinese and Mongolian,Chinese,Asian,380.7791,626580.3907,75730.0075,33643.0484
54701,Chinese and Mongolian,Chinese,Asian,364.4086,720919.3367,45161.0377,58473.8632
54710,Chinese and Mongolian,Chinese,Asian,6856.1884,324619.3560,4025.4446,33736.4287
54902,Chinese and Mongolian,Chinese,Asian,4941.2888,539463.4388,19573.5891,48487.0900
54974,Chinese and Mongolian,Chinese,Asian,13871.4897,600817.5950,6247.9219,62439.5539
55025,Chinese and Mongolian,Chinese,Asian,5.3542,313771.1867,38030.7318,17950.5039
55072,Chinese and Mongolian,Chinese,Asian,330.4767,433749.8765,83682.5948,10665.1042
55266,Chinese and Mongolian,Chinese,Asian,20.0216,242516.5770,53870.9129,1393.1575
55287,Chinese and Mongolian,Chinese,Asian,59.8247,319087.1218,62850.1763,7339.7411
55377,Chinese and Mongolian,Chinese,Asian,8573.4311,1227473.4620,44187.4582,111383.3387
55496,Chinese and Mongolian,Chinese,Asian,5349.6626,221190.1592,2212.6807,22910.9204
55509,Chinese and Mongolian,Chinese,Asian,18.4458,519942.4740,47685.7274,34977.4519
55737,Chinese and Mongolian,Chinese,Asian,336.8932,364926.0600,23004.1392,29392.4614
55812,Chinese and Mongolian,Chinese,Asian,88.9411,1279643.0810,47324.6483,119321.8930
55850,Chinese and Mongolian,Chinese,Asian,5.1908,426756.3471,15780.7863,39805.8326
55979,Chinese and Mongolian,Chinese,Asian,27.3333,578359.8749,54744.8813,40034.3298
56050,Chinese and Mongolian,Chinese,Asian,15.0092,560510.4308,29922.5169,48973.9398
56089,Chinese and Mongolian,Chinese,Asian,309.2268,266976.9860,52330.6969,6142.3198
56136,Chinese and Mongolian,Chinese,Asian,13.3863,511739.6625,18934.2088,47724.8775
56215,Chinese and Mongolian,Chinese,Asian,5.2065,193049.1386,45560.8890,1196.7234
56263,Chinese and Mongolian,Chinese,Asian,47.5865,433871.3953,39774.9774,29180.2310
56267,Chinese and Mongolian,Chinese,Asian,21.2624,265430.3620,52300.7512,6110.9158
56325,Chinese and Mongolian,Chinese,Asian,287.5126,266599.4115,52325.2069,6109.6292
56343,Chinese and Mongolian,Chinese,Asian,65295.0904,1302590.0670,27979.9412,102884.2144
56441,Chinese and Mongolian,Chinese,Asian,33.2320,767760.6280,28405.4632,71595.3126
56780,Chinese and Mongolian,Chinese,Asian,24.6316,391979.7614,47294.5625,21179.1394
57202,Chinese and Mongolian,Chinese,Asian,16.5759,202327.1439,44886.8743,1190.1489
57222,Chinese and Mongolian,Chinese,Asian,60.1817,265839.6715,52307.0205,6137.9338
57264,Thai,Thai,Asian,1604.7258,798256.6128,17375.9751,80174.0853
57266,Thai,Thai,Asian,5333.9577,493982.0753,35307.6030,37574.4683
57313,Thai,Thai,Asian,10.3178,202010.5024,44881.5668,1158.9904
57361,Thai,Thai,Asian,105845.2122,510629.1886,10496.1471,4560.7631
57369,Thai,Thai,Asian,51001.5117,684881.0778,41273.5188,35261.2184
57423,Thai,Thai,Asian,4805.2807,238495.8135,2740.9107,25001.7888
57460,Thai,Thai,Asian,3.4860,629004.9040,40689.0260,50547.0693
57500,Thai,Thai,Asian,72.5004,853436.0860,31561.2764,79579.4774
57591,Thai,Thai,Asian,4410.5687,539497.8029,49504.2950,35658.9816
57598,Thai,Thai,Asian,27404.6656,518396.5296,6035.4785,46507.7829
57675,Thai,Thai,Asian,10.0698,700458.0376,37404.5165,61200.4437
57694,Thai,Thai,Asian,5333.0536,221552.4240,2301.5448,22916.4224
57764,Thai,Thai,Asian,5334.6514,221241.4187,2228.5728,22915.2739
57821,Thai,Thai,Asian,6508.2524,317665.0880,3517.8607,33318.6977
57828,Thai,Thai,Asian,5354.6554,221235.0830,2239.2252,22901.6422
57848,Thai,Thai,Asian,5349.8897,221243.8793,2264.0888,22892.0253
57855,Thai,Thai,Asian,5412.1603,221252.3400,2220.5765,22902.7972
57894,Thai,Thai,Asian,6052.0760,237014.3585,3907.7887,23758.8277
57903,Thai,Thai,Asian,89645.7224,472690.9500,1505.0599,14323.0431
57956,Thai,Thai,Asian,5371.4717,221247.4575,2216.6840,22904.7719
57996,Thai,Thai,Asian,5351.3642,221066.2662,2203.6851,22901.6594
58004,Thai,Thai,Asian,136.4352,265764.3210,52296.0431,6097.4202
58007,Thai,Thai,Asian,51636.7412,418357.7850,8009.0955,22161.2852
58019,Thai,Thai,Asian,279.4691,428409.6212,15837.4592,39845.9535
58026,Thai,Thai,Asian,35647.8716,392821.6400,13681.1752,23928.9095
58084,Thai,Thai,Asian,19.2763,427137.0700,15826.4397,39820.9080
58105,Thai,Thai,Asian,36.4119,469250.5525,56755.6666,25288.8535
58109,Thai,Thai,Asian,36.7498,291247.5346,64634.2734,1700.2025
58153,Thai,Thai,Asian,5565.7610,222041.4320,2217.6448,22901.7920
58159,Thai,Thai,Asian,43.3309,351638.7080,42564.5353,18924.6308
58171,Thai,Thai,Asian,9635.6774,476179.9353,5313.5424,49983.1532
58184,Thai,Thai,Asian,2.8435,198956.4396,39220.8594,4577.6402
58199,Thai,Thai,Asian,91708.6947,961588.1856,58333.9082,39854.2970
58233,Thai,Thai,Asian,5506.7570,935917.7443,58757.0875,74023.2416
58253,Thai,Thai,Asian,10837.7292,445801.9890,4477.1178,46147.6086
58278,Thai,Thai,Asian,7918.0671,322769.9440,3548.0884,33320.4401
58360,Thai,Thai,Asian,39539.4554,531012.6940,31197.1467,27583.5606
58387,Thai,Thai,Asian,3.0881,426407.0780,15776.8310,39769.6470
58393,Thai,Thai,Asian,4930.6207,239461.8135,2719.7907,25065.9288
58422,Thai,Thai,Asian,7144.4104,230350.5655,3091.7062,23002.5398
58448,Thai,Thai,Asian,5403.0157,221399.5464,2250.0433,22895.5404
58459,Thai,Thai,Asian,10649.7131,443542.0400,4469.6930,45948.5625
58467,Thai,Thai,Asian,25064.6411,492656.0200,5562.1861,44219.5138
58584,Thai,Thai,Asian,5465.8000,222225.0000,2236.2000,22962.5500
58620,Thai,Thai,Asian,55567.6688,364799.5183,3722.0808,16619.4512
58623,Thai,Thai,Asian,2.8468,265658.4965,52391.6805,6099.8949
58666,Thai,Thai,Asian,24.6949,321975.8337,44974.8806,14370.8599
58682,Thai,Thai,Asian,5520.4727,615835.4620,50002.2785,44157.6096
58684,Thai,Thai,Asian,5523.9600,221601.0000,2208.2100,22889.3700
58727,Thai,Thai,Asian,7129.5428,1218284.1290,23928.7632,123148.5194
58759,Thai,Thai,Asian,96.2160,768190.5500,28458.6420,71587.0310
58805,Thai,Thai,Asian,66.5468,202685.9781,44970.7632,1174.6666
58811,Thai,Thai,Asian,6386.6649,632785.3817,42158.0631,50109.7640
58848,Thai,Thai,Asian,9231.9175,313978.8911,20694.6665,23464.0986
58858,Thai,Thai,Asian,11082.1814,401100.8625,4257.7996,40891.7588
58888,Thai,Thai,Asian,6414.7473,225960.3212,2503.0549,22943.6780
58901,Thai,Thai,Asian,19.6708,312609.2557,37832.2606,16834.3020
58904,Thai,Thai,Asian,5352.4071,221065.6695,2202.9481,22900.5336
58922,Thai,Thai,Asian,10084.7611,415173.4338,4223.4761,42949.6910
58942,Thai,Thai,Asian,6418.1521,317950.9083,3591.6449,33358.0376
58984,Thai,Thai,Asian,5335.5984,539205.7326,64955.4428,30212.3876
59036,Thai,Thai,Asian,8002.1219,233339.3837,2884.1231,23028.7497
59059,Thai,Thai,Asian,4.6131,682309.9000,25246.4092,63635.7666
59098,Thai,Thai,Asian,9998.8031,414918.6290,4303.9466,42916.8742
59105,Thai,Thai,Asian,5342.3392,220922.5892,2204.4902,22888.2608
59107,Thai,Thai,Asian,13994.9533,256958.9931,2675.1936,23002.7116
59114,Thai,Thai,Asian,8445.5446,345641.4000,3463.7427,35763.6624
59129,Thai,Thai,Asian,12332.1011,430158.9959,37616.5263,26044.7846
59176,Thai,Thai,Asian,1.9287,840491.9874,44881.0761,73440.1790
59215,Thai,Thai,Asian,1456.9838,462924.8223,46400.9692,28946.3018
59285,Thai,Thai,Asian,5392.1531,221547.9847,2254.1106,22911.0355
59372,Thai,Thai,Asian,13871.4897,600817.5950,6247.9219,62439.5539
59442,Thai,Thai,Asian,1804.2082,997054.7238,21714.4132,100218.7406
59450,Thai,Thai,Asian,5634.8268,223030.3108,2338.3047,22935.2611
59544,Thai,Thai,Asian,5583.2536,224364.5124,2687.1180,22934.4658
59686,Southeast Asian,Indonesian,Asian,503.1073,429077.4637,15874.7100,39803.4402
59689,Southeast Asian,Indonesian,Asian,871.2451,165589.7248,31462.8345,3958.1799
59695,Southeast Asian,Indonesian,Asian,798.8002,355379.4185,47163.2488,16743.6801
59698,Southeast Asian,Indonesian,Asian,14180.4013,366523.9000,11308.8050,32419.8325
59705,Southeast Asian,Indonesian,Asian,58558.3492,720739.1880,7716.7375,54624.5500
59712,Southeast Asian,Indonesian,Asian,173.3219,266283.3195,52318.8158,6137.0916
59721,Southeast Asian,Indonesian,Asian,6791.2108,471901.9145,26413.3826,39126.5703
59727,Southeast Asian,Indonesian,Asian,6667.3833,320173.3260,3713.6120,33447.1484
59753,Southeast Asian,Indonesian,Asian,8734.0700,359227.5000,3580.2750,37192.7800
59779,Southeast Asian,Indonesian,Asian,45857.6913,691927.8960,9700.1725,56460.5325
59813,Southeast Asian,Indonesian,Asian,52987.9007,253782.3880,5350.6703,1943.8647
59903,Southeast Asian,Indonesian,Asian,13963.2509,433057.6411,4872.0551,43213.4677
59912,Southeast Asian,Indonesian,Asian,6655.9716,276038.2190,2749.2611,28608.5964
59927,Southeast Asian,Indonesian,Asian,83157.2990,411055.6067,13473.5792,2678.3248
59955,Southeast Asian,Indonesian,Asian,7989.4026,396670.2036,4447.2031,41644.0461
59970,Southeast Asian,Indonesian,Asian,275.6140,268362.8985,52346.7926,6327.7312
60020,Middle Eastern,Rest Middle Eastern,Asian,22690.6613,326192.6014,7852.5779,23878.8177
60064,Middle Eastern,Rest Middle Eastern,Asian,2839.5120,497768.8000,31362.9620,39339.9160
60086,Middle Eastern,Rest Middle Eastern,Asian,75576.1855,454034.4011,24588.1269,7273.3848
60100,Middle Eastern,Rest Middle Eastern,Asian,36.6112,718664.7600,45129.4484,58378.8475
60125,Middle Eastern,Rest Middle Eastern,Asian,75514.7597,454491.6883,24644.8848,7319.2366
60272,Middle Eastern,Rest Middle Eastern,Asian,56145.9550,233695.5000,1193.9650,294.7150
60274,Middle Eastern,Rest Middle Eastern,Asian,2891.9756,2076455.8970,34718.1590,214789.5950
60337,Middle Eastern,Rest Middle Eastern,Asian,85057.0909,512267.7625,27690.1836,8330.5977
60429,Middle Eastern,Rest Middle Eastern,Asian,222051.9192,993604.0243,13507.6491,3478.7197
60442,Middle Eastern,Rest Middle Eastern,Asian,65629.4996,261374.7190,1543.3225,501.2150
60539,Middle Eastern,Rest Middle Eastern,Asian,100805.6893,407595.1190,9.2354,513.0130
60562,Middle Eastern,Rest Middle Eastern,Asian,50401.8800,205603.0000,50.2400,438.0400
60569,Middle Eastern,Rest Middle Eastern,Asian,47.2156,605805.2768,38292.6567,48972.3937
60636,Middle Eastern,Rest Middle Eastern,Asian,140587.7455,643937.7908,10476.5407,2677.0752
60647,Middle Eastern,Rest Middle Eastern,Asian,5416.8171,294192.2815,54915.7338,6385.2960
60713,Middle Eastern,Rest Middle Eastern,Asian,95292.4214,613242.8367,31738.1296,13723.0939
60758,Middle Eastern,Rest Middle Eastern,Asian,1012.4003,290264.2465,16328.4912,24410.8775
60773,Middle Eastern,Rest Middle Eastern,Asian,80280.3341,482106.2003,26096.4023,7713.1131
60774,Middle Eastern,Rest Middle Eastern,Asian,70733.0748,340282.0650,6974.5400,2960.0205
60803,Middle Eastern,Rest Middle Eastern,Asian,0.6123,231736.3225,0.2182,26214.2369
60883,Middle Eastern,Rest Middle Eastern,Asian,182.7703,485388.4150,30681.8907,39177.3225
60899,Middle Eastern,Rest Middle Eastern,Asian,355.0223,313836.0325,37903.1302,16826.0891
60909,Middle Eastern,Rest Middle Eastern,Asian,42.6624,718691.0000,45130.8308,58378.9979
60918,Middle Eastern,Rest Middle Eastern,Asian,100452.3420,495411.1227,15795.6740,2288.4601
61020,Middle Eastern,Rest Middle Eastern,Asian,77632.5117,544455.3993,25674.2131,16145.3848
61144,Middle Eastern,Rest Middle Eastern,Asian,132226.5313,1087012.0410,21372.0025,57601.1275
61214,Middle Eastern,Rest Middle Eastern,Asian,63319.6961,289725.5600,4710.0628,1176.1600
61324,Middle Eastern,Rest Middle Eastern,Asian,151020.1616,917045.2842,51362.1841,14556.0702
61352,Middle Eastern,Rest Middle Eastern,Asian,151016.3213,917139.3219,51349.9199,14575.0765
61395,Middle Eastern,Rest Middle Eastern,Asian,60.8747,258824.4126,50769.8134,4606.8324
61436,Middle Eastern,Rest Middle Eastern,Asian,65442.9417,792365.7728,56242.5895,34846.7802
61451,Middle Eastern,Rest Middle Eastern,Asian,87957.3248,597745.7833,31309.2385,16359.2047
61467,Middle Eastern,Rest Middle Eastern,Asian,13356.0418,494847.1420,79647.6744,14552.2421
61470,Middle Eastern,Rest Middle Eastern,Asian,182.0995,202893.8169,44915.7218,1166.4283
61477,Middle Eastern,Rest Middle Eastern,Asian,192.0272,916693.7043,57992.2774,74038.2993
61521,Middle Eastern,Rest Middle Eastern,Asian,152522.3364,915482.8891,49938.1311,14631.2060
61602,Middle Eastern,Rest Middle Eastern,Asian,81.6768,727026.2890,45948.5605,58763.4620
61611,Middle Eastern,Rest Middle Eastern,Asian,49777.8474,854883.1648,46551.0286,50274.6982
61635,Middle Eastern,Rest Middle Eastern,Asian,18.5740,605643.0980,38286.6029,48967.4789
61650,Middle Eastern,Rest Middle Eastern,Asian,5356.8718,223410.9780,2508.6587,23015.8033
61659,Middle Eastern,Rest Middle Eastern,Asian,161.4435,398471.7172,78448.4516,9147.0011
61673,Middle Eastern,Rest Middle Eastern,Asian,6298.1900,316499.0000,692.6200,32852.5200
61681,Middle Eastern,Rest Middle Eastern,Asian,126077.2528,625346.0487,23603.3020,2592.7247
61721,Middle Eastern,Rest Middle Eastern,Asian,101945.6947,612317.0824,33155.8832,9797.9034
61722,Middle Eastern,Rest Middle Eastern,Asian,45.2170,266036.3738,52303.3027,6166.2293
61746,Middle Eastern,Rest Middle Eastern,Asian,54808.7465,704793.6828,43399.4789,36086.5293
61889,Middle Eastern,Rest Middle Eastern,Asian,25407.7420,746935.1289,48700.5429,49299.5254
61927,Middle Eastern,Rest Middle Eastern,Asian,94160.2212,462183.0140,15661.5337,1321.1682
61941,Middle Eastern,Rest Middle Eastern,Asian,455.0579,373119.2150,23281.5476,30191.7014
61950,Middle Eastern,Rest Middle Eastern,Asian,184.3740,437116.6965,27634.5043,35270.9422
62263,Southeast Asian,Vietnamese,Asian,112.5857,224455.6687,48470.4746,1928.7083
62274,Southeast Asian,Vietnamese,Asian,131240.4150,524697.7651,1.8439,0.3902
62331,Southeast Asian,Vietnamese,Asian,6916.5066,277192.2480,2763.1530,28625.3700
62367,Southeast Asian,Vietnamese,Asian,8914.7788,247830.8465,47258.0250,2561.3776
62422,Southeast Asian,Vietnamese,Asian,2215.3971,1196729.6140,26058.6919,120271.2538
62437,Southeast Asian,Vietnamese,Asian,185.8317,202659.0184,44900.1210,1146.8172
62451,Southeast Asian,Vietnamese,Asian,10259.0600,415388.2740,4143.1154,42926.0675
62473,Southeast Asian,Vietnamese,Asian,2714.0556,1495123.5670,32555.8055,150281.7839
62513,Southeast Asian,Vietnamese,Asian,24.3352,303522.9450,67328.5085,1794.7162
62521,Southeast Asian,Vietnamese,Asian,21.3865,242545.9390,53872.5658,1398.4713
62559,Southeast Asian,Vietnamese,Asian,2255.9636,249144.1278,47401.0129,5597.6767
62570,Southeast Asian,Vietnamese,Asian,5409.2277,224038.8630,2434.5173,23095.6215
62589,Southeast Asian,Vietnamese,Asian,29.3881,426640.9420,15781.5140,39783.3380
62596,Southeast Asian,Vietnamese,Asian,6998.1974,209018.3492,35343.7327,3161.7880
62662,Southeast Asian,Vietnamese,Asian,17846.4010,486023.9779,5921.8328,47046.9016
62694,Southeast Asian,Cambodian,Asian,6547.1200,282188.5000,6037.2750,28028.4000
62700,Southeast Asian,Cambodian,Asian,62.2389,420753.8036,22448.6883,36748.2807
62728,Southeast Asian,Cambodian,Asian,1817.0203,997449.8450,21737.9004,100252.8997
62754,Southeast Asian,Cambodian,Asian,104.3024,319394.3346,62773.9039,7393.7660
62797,Middle Eastern,Palestinian,Asian,48.5893,390290.7712,119.2153,44077.6323
62814,Middle Eastern,Palestinian,Asian,200.5927,546337.4333,34517.6755,44106.1097
62848,Middle Eastern,Lebanese,Asian,73.1929,969330.7405,61270.1722,78361.3855
62868,Middle Eastern,Lebanese,Asian,9.5410,363442.8500,22974.0067,29387.0032
62999,Middle Eastern,Lebanese,Asian,888.4188,597722.6400,566.4104,67061.0680
63048,Middle Eastern,Lebanese,Asian,6287.5977,446777.4341,4354.3788,46545.5424
63108,Middle Eastern,Lebanese,Asian,51609.0277,284546.8383,3759.5105,8447.6862
63117,Middle Eastern,Lebanese,Asian,42.1666,606169.0427,38294.7815,49015.4966
63144,Middle Eastern,Lebanese,Asian,56640.5767,340293.1950,18421.9143,5454.9566
63261,Middle Eastern,Saudi Arabian,Asian,48825.3296,269359.0893,4716.9010,6287.0778
63482,Southeast Asian,Filipino,Asian,88800.3658,405934.5725,6613.5915,1608.2126
63584,Southeast Asian,Filipino,Asian,191.6592,419714.5621,455.8961,46415.7330
63658,Southeast Asian,Filipino,Asian,1152.7922,509890.0372,31288.1352,41174.4358
63674,Southeast Asian,Filipino,Asian,38469.8100,353708.2500,2287.6005,22897.0335
63682,Southeast Asian,Filipino,Asian,641.8351,315837.9836,13127.7226,28522.7737
63688,Southeast Asian,Filipino,Asian,15976.4842,663030.1429,6729.1424,68654.2927
63764,Southeast Asian,Filipino,Asian,6964.6205,278171.7770,2783.4518,28692.4367
63769,Indian Subcontinent,Indian,Asian,5954.6762,223903.1000,2255.5263,22921.9758
63810,Indian Subcontinent,Indian,Asian,75546.3277,453689.8798,24560.4838,7259.4593
63891,Indian Subcontinent,Indian,Asian,78987.1486,469507.4143,25340.5690,7424.4063
63980,Indian Subcontinent,Indian,Asian,369.7752,206466.9686,44989.4849,1469.5423
64025,Indian Subcontinent,Indian,Asian,8656.0750,601464.8427,51291.8426,42720.4171
64026,Indian Subcontinent,Indian,Asian,55982.8600,684066.5000,9170.2800,47169.7550
64039,Indian Subcontinent,Indian,Asian,21.7491,181303.4520,35546.5876,3243.0495
64044,Indian Subcontinent,Indian,Asian,14.8465,544522.2880,565.9249,60325.1222
64113,Indian Subcontinent,Indian,Asian,4655.3058,286548.0754,32750.3147,14450.4244
64121,Indian Subcontinent,Indian,Asian,100825.7910,403988.5862,13.5829,100.1811
64145,Indian Subcontinent,Indian,Asian,43.3609,403232.2859,71534.6043,10793.6017
64162,Indian Subcontinent,Indian,Asian,6726.8129,332987.1735,3662.3982,34985.9275
64188,Indian Subcontinent,Indian,Asian,32.9650,390468.1501,47292.4144,21007.2953
64199,Indian Subcontinent,Indian,Asian,3883.1596,538440.7409,41092.8229,38777.2229
64247,Indian Subcontinent,Indian,Asian,2734.3379,1495236.0020,32557.6117,150286.1547
64251,Indian Subcontinent,Indian,Asian,40.7056,259061.1780,50771.7204,4640.3683
64308,Indian Subcontinent,Indian,Asian,60.4468,726926.5600,45948.7316,58760.1196
64317,Indian Subcontinent,Indian,Asian,50422.3264,201792.6800,15.3720,15.9576
64327,Indian Subcontinent,Indian,Asian,105.6614,258983.3489,50759.2817,4604.8039
64340,Indian Subcontinent,Indian,Asian,8316.6415,325261.9617,3679.3087,33360.4067
64375,Indian Subcontinent,Indian,Asian,100805.8570,403161.0000,5.3430,14.4000
64399,Indian Subcontinent,Indian,Asian,5388.9621,221072.1700,2204.5436,22887.0346
64525,Indian Subcontinent,Indian,Asian,5593.4782,225319.0414,2496.2054,23138.9113
64544,Indian Subcontinent,Indian,Asian,2859.8512,164580.8991,33621.7608,1460.4322
64591,Indian Subcontinent,Indian,Asian,30.4423,424439.5155,26808.3089,34322.1592
64717,Indian Subcontinent,Indian,Asian,77148.1052,464824.1652,25968.0740,7480.5964
64785,Indian Subcontinent,Indian,Asian,892.1176,594129.1156,71220.1964,32039.5859
64787,Indian Subcontinent,Indian,Asian,9007.2565,390131.9504,43617.5370,19034.0007
64821,Indian Subcontinent,Indian,Asian,12842.4494,635996.5115,7186.8748,66726.1761
64871,Indian Subcontinent,Indian,Asian,54.2059,398376.6462,78451.8684,9182.9340
64902,Indian Subcontinent,Indian,Asian,46.5471,258992.4081,50782.3091,4623.9108
64944,Indian Subcontinent,Indian,Asian,33.9006,363616.7470,22977.0805,29395.1462
65136,Indian Subcontinent,Indian,Asian,5343.2200,222059.2273,2369.0155,22938.1022
65244,Indian Subcontinent,Indian,Asian,5399.3195,224968.5655,2405.7942,23223.6474
65249,Indian Subcontinent,Indian,Asian,257.4656,547966.6772,66274.3886,29428.9045
65304,Indian Subcontinent,Indian,Asian,60663.5705,344294.6327,22962.5349,2113.0306
65308,Indian Subcontinent,Indian,Asian,7.7148,390593.0361,47290.3965,21024.2504
65346,Indian Subcontinent,Indian,Asian,13977.7468,253800.9200,2554.8852,22965.6208
65384,Indian Subcontinent,Indian,Asian,29645.1014,526120.4147,49940.5033,21304.7977
65413,Indian Subcontinent,Indian,Asian,143945.2774,611618.1000,4703.5996,1128.7679
65421,Indian Subcontinent,Indian,Asian,56673.4877,340237.8104,18418.9110,5434.7589
65454,Indian Subcontinent,Indian,Asian,302.0578,207503.3655,1717.9959,22710.8328
65458,Indian Subcontinent,Indian,Asian,2347.6338,900303.8009,19662.1876,90207.6355
65471,Indian Subcontinent,Indian,Asian,11978.2043,676874.9078,77083.4129,33853.6105
65515,Indian Subcontinent,Indian,Asian,76104.2440,456460.8923,24729.1797,7298.9741
65577,Indian Subcontinent,Indian,Asian,5409.3552,221651.6106,2205.2833,22940.5940
65647,Indian Subcontinent,Indian,Asian,51.2496,202947.0466,44893.4210,1247.8787
65694,Indian Subcontinent,Indian,Asian,28.3107,624309.0923,75665.3536,33569.9306
65727,Indian Subcontinent,Indian,Asian,55584.5204,236932.8400,1895.8016,474.9852
65763,Indian Subcontinent,Indian,Asian,7.2901,468147.3720,56746.1295,25176.1244
65843,Indian Subcontinent,Indian,Asian,53948.0000,304395.0000,11676.0000,4515.0000
65895,Indian Subcontinent,Indian,Asian,163.6583,485553.3136,30679.8116,39204.7605
65901,Indian Subcontinent,Indian,Asian,47.2443,585743.9171,70952.7403,31505.4346
66019,Indian Subcontinent,Indian,Asian,1026.8736,328365.1019,72010.7209,1977.5656
66036,Indian Subcontinent,Indian,Asian,31.0628,484820.8950,30632.8508,39201.2583
66039,Indian Subcontinent,Indian,Asian,3432.2729,862911.2012,54000.9903,68638.6035
66055,Indian Subcontinent,Indian,Asian,5405.1398,395625.6685,43250.6680,24035.6446
66081,Indian Subcontinent,Indian,Asian,84.2888,266133.0296,52311.7445,6161.4958
66088,Indian Subcontinent,Indian,Asian,2693.1670,376203.6569,53402.4183,17591.7495
66090,Indian Subcontinent,Indian,Asian,184829.6554,754471.4322,823.3955,1454.4404
66095,Indian Subcontinent,Indian,Asian,159.5138,323718.4029,71830.2826,1843.3979
66118,Indian Subcontinent,Indian,Asian,86116.1206,1029111.1450,74999.0448,44515.5909
66142,Indian Subcontinent,Indian,Asian,6.7566,192813.8301,45561.3002,1169.8027
66196,Indian Subcontinent,Indian,Asian,114.5723,265990.2450,32169.1318,14295.2634
66238,Indian Subcontinent,Indian,Asian,93.2176,908778.9334,57452.5621,73454.1092
66241,Indian Subcontinent,Indian,Asian,6050.6612,829607.1400,40669.4858,71875.1080
66254,Indian Subcontinent,Indian,Asian,97720.0695,713895.2965,34030.9256,23439.8200
66261,Indian Subcontinent,Indian,Asian,6972.0110,277936.2532,2852.2282,28639.8528
66380,Indian Subcontinent,Indian,Asian,2846.7742,278094.1116,53029.0474,6200.6682
66442,Indian Subcontinent,Indian,Asian,75502.2856,453462.5433,24571.5454,7244.8830
66447,Indian Subcontinent,Indian,Asian,90.9883,606225.4755,38309.2965,48993.4546
66496,Indian Subcontinent,Indian,Asian,8.1739,302869.8506,67322.0914,1727.2562
66505,Indian Subcontinent,Indian,Asian,489.9049,1170550.7910,167162.1970,55466.5238
66620,Indian Subcontinent,Indian,Asian,67.1911,390830.0616,47306.7983,21029.4752
66627,Indian Subcontinent,Indian,Asian,111.1898,259772.1813,50789.8000,4678.5336
66630,Indian Subcontinent,Indian,Asian,27.8434,390460.6560,47293.8034,21006.8716
66662,Indian Subcontinent,Indian,Asian,61295.8930,253006.7640,960.8140,542.2562
66669,Indian Subcontinent,Indian,Asian,56.7433,351596.6119,42568.4456,18912.8857
66702,Indian Subcontinent,Indian,Asian,102204.5776,423431.4037,649.0176,1483.4895
66718,Indian Subcontinent,Indian,Asian,20.0761,351490.9079,42568.8252,18914.2885
66773,Indian Subcontinent,Indian,Asian,5358.0857,221210.6318,2205.4679,22915.0230
66801,Indian Subcontinent,Indian,Asian,54931.4836,494728.7850,4675.7392,30616.6564
66802,Indian Subcontinent,Indian,Asian,61346.6600,302626.6552,4878.1384,6260.5328
66870,Indian Subcontinent,Indian,Asian,5446.3302,222005.5770,2306.8711,22915.7636
66888,Indian Subcontinent,Indian,Asian,5471.4467,221417.7738,2199.3374,22886.7809
67052,Indian Subcontinent,Indian,Asian,10.4394,351385.2091,42561.4136,18910.7708
67238,Indian Subcontinent,Indian,Asian,4888.9154,635239.1920,40301.5018,49468.4194
67299,Indian Subcontinent,Indian,Asian,66104.9760,309190.0651,5224.7156,1907.0235
67354,Indian Subcontinent,Indian,Asian,58571.4405,305892.1438,5420.1496,5586.2074
67401,Indian Subcontinent,Indian,Asian,65087.8928,311650.1240,5862.9520,2318.9800
67534,Indian Subcontinent,Indian,Asian,135.0637,303619.8390,67326.1887,1753.5624
67591,Indian Subcontinent,Indian,Asian,38.5551,390615.0351,47294.6169,21020.6809
67672,Indian Subcontinent,Indian,Asian,151278.2014,607211.3650,43.9037,273.9615
67682,Indian Subcontinent,Indian,Asian,97087.3226,396481.8800,732.1358,1807.2160
67731,Indian Subcontinent,Indian,Asian,67570.2705,269267.2000,286.7895,85.8260
67740,Indian Subcontinent,Indian,Asian,45545.3063,551042.2375,7529.0190,37750.1213
67770,Indian Subcontinent,Indian,Asian,5335.3582,221447.5560,2249.9504,22928.7075
67823,Indian Subcontinent,Indian,Asian,5323.1964,221158.7270,2199.3603,22924.8835
67894,Indian Subcontinent,Indian,Asian,101946.5283,612686.6935,33156.0071,9840.5293
67900,Indian Subcontinent,Indian,Asian,63863.2473,834744.4983,359.2458,65508.3875
67906,Indian Subcontinent,Indian,Asian,3733.7277,286380.4590,53668.6505,6247.5608
67907,Indian Subcontinent,Indian,Asian,80769.7434,324010.8050,32.7750,113.1559
68023,Indian Subcontinent,Indian,Asian,94776.5185,459709.3573,6540.6455,6095.3322
68054,Indian Subcontinent,Indian,Asian,6435.2240,318293.2817,3691.1315,33342.3613
68059,Indian Subcontinent,Indian,Asian,50290.9591,191697.2460,2109.5157,352.9709
68082,Indian Subcontinent,Indian,Asian,20.7070,351188.0462,42561.4397,18884.5058
68228,Indian Subcontinent,Indian,Asian,5338.5438,221254.0710,2201.9414,22929.6429
68324,Indian Subcontinent,Indian,Asian,8653.9726,1031866.2380,23317.4294,100896.9451
68413,Indian Subcontinent,Indian,Asian,50657.5660,231381.8620,3762.3104,897.5120
68418,Indian Subcontinent,Indian,Asian,61163.7753,347359.2040,23392.1610,2145.9828
68468,Indian Subcontinent,Indian,Asian,170279.0061,846014.7442,29734.9362,3443.1524
68496,Indian Subcontinent,Indian,Asian,75627.8928,454208.3578,24564.1922,7277.1826
68515,Indian Subcontinent,Indian,Asian,60493.5110,242224.3200,49.2807,19.5040
68605,Indian Subcontinent,Indian,Asian,74815.7500,307077.0000,1358.4240,904.3880
68641,Indian Subcontinent,Indian,Asian,9798.7464,417991.8890,47002.8421,20388.6114
68698,Indian Subcontinent,Indian,Asian,151285.2040,606241.2000,41.9500,140.2140
68764,Indian Subcontinent,Indian,Asian,81529.6494,334072.5550,585.2818,648.6035
68768,Indian Subcontinent,Indian,Asian,89.0647,624998.9035,75678.0515,33621.7344
68926,Indian Subcontinent,Indian,Asian,598.7920,274198.2495,52487.2665,6744.8529
69268,Korean,Korean,Asian,1980.0094,997847.4770,21739.4816,100240.9979
69482,Korean,Korean,Asian,2528.8344,1197581.4060,26046.2331,120222.1505
69531,Korean,Korean,Asian,79924.2823,384983.4228,10565.7176,2702.1040
69631,Southeast Asian,Malaysian,Asian,11139.1469,295769.3280,3395.4538,28659.4831
69639,Southeast Asian,Malaysian,Asian,60725.6610,244678.3760,34.1229,208.0505
69640,Southeast Asian,Malaysian,Asian,239.2887,428199.3430,15800.9284,39854.7401
69654,Southeast Asian,Malaysian,Asian,5375.9856,221396.0397,2214.5814,22923.6479
69669,Southeast Asian,Malaysian,Asian,80.6400,265770.4575,52304.1903,6123.2941
69672,Southeast Asian,Malaysian,Asian,38.5274,391228.8721,47455.1457,21010.7178
69679,Southeast Asian,Malaysian,Asian,6396.1840,317528.2000,3586.4640,33322.0920
69734,Southeast Asian,Malaysian,Asian,5335.4899,689557.9475,58946.5230,48127.1916
69748,Southeast Asian,Malaysian,Asian,66351.0980,318188.3400,4783.8330,2987.8140
69773,Southeast Asian,Malaysian,Asian,79994.2480,310591.0000,65.5480,76.1580
69788,Southeast Asian,Malaysian,Asian,35.4950,1023610.0280,37875.3804,95454.3680
69801,Southeast Asian,Malaysian,Asian,3398.8470,432381.1430,39199.1721,28947.9655
69893,Middle Eastern,Turkish,Asian,92910.3145,408508.5568,3628.0061,2096.1762
69905,Middle Eastern,Turkish,Asian,37.4408,318646.0616,62757.5063,7345.0106
69942,Middle Eastern,Turkish,Asian,83.1157,606704.6317,38340.1698,49037.8368
69945,Middle Eastern,Turkish,Asian,63309.1145,289254.5300,4707.3605,1128.9250
69979,Middle Eastern,Turkish,Asian,49696.8224,247459.4020,8206.3000,1150.6000
69981,Middle Eastern,Turkish,Asian,51156.1305,210660.1367,465.8456,480.1474
70010,Middle Eastern,Turkish,Asian,674.5310,939154.6382,59055.6768,75855.4753
70055,Middle Eastern,Turkish,Asian,11.6443,201896.2157,44881.7713,1146.2757
70088,Middle Eastern,Turkish,Asian,14250.6104,451154.6643,33125.5083,28510.0405
70103,Middle Eastern,Turkish,Asian,36.2341,424500.9677,26889.8185,34288.2507
70114,Middle Eastern,Turkish,Asian,32.3862,487058.7937,30631.4745,39452.9723
70126,Middle Eastern,Turkish,Asian,38.5844,265781.8430,52306.9191,6140.5084
70286,Japanese,Japanese,Asian,117516.1668,517195.7520,6313.9700,2531.2200
70497,Japanese,Japanese,Asian,20.0031,221996.7647,49372.4638,1247.2829
70515,Japanese,Japanese,Asian,100798.0000,403879.4927,197.8871,4.9971
70605,Japanese,Japanese,Asian,252.5864,266486.6490,52324.7796,6117.2281
70671,Japanese,Japanese,Asian,5.0586,682332.3675,25246.3676,63638.1779
70688,Japanese,Japanese,Asian,56808.3568,277904.7800,5764.2384,2826.5902
70706,Japanese,Japanese,Asian,59365.3267,297357.7762,7294.4010,2536.9350
70835,Japanese,Japanese,Asian,574.5081,299293.1966,6528.3284,30064.2648
70841,Japanese,Japanese,Asian,8.5597,256131.5172,9478.8537,23884.8617
70859,Japanese,Japanese,Asian,53.0038,426960.2790,15822.5666,39788.1010
70879,Japanese,Japanese,Asian,28.8539,406562.4451,83711.4225,6894.4876
71151,Japanese,Japanese,Asian,59546.3568,276424.7800,5460.8384,946.9902
71160,Japanese,Japanese,Asian,235.7899,625684.0664,75719.4320,33603.5961
71220,Japanese,Japanese,Asian,40.3635,163435.1527,35904.3379,1124.7500
71327,Japanese,Japanese,Asian,1816.8948,996710.1240,21698.7000,100180.9500
71348,Japanese,Japanese,Asian,47.7343,256102.7920,9471.5115,23869.8579
71376,Japanese,Japanese,Asian,106521.4694,643195.7928,28471.3719,9340.8845
71402,Japanese,Japanese,Asian,2482.7481,193168.0780,37022.9018,2747.2663
71424,Japanese,Japanese,Asian,248.4064,342431.2808,12738.6853,31833.7850
71429,Japanese,Japanese,Asian,5508.2054,221740.3520,2225.8856,22901.9478
71452,Japanese,Japanese,Asian,1122.2970,598346.6700,13043.0901,60120.2826
71514,Japanese,Japanese,Asian,1912.3271,997484.9720,21795.6025,100187.6350
71617,Japanese,Japanese,Asian,50814.2437,244606.8400,5027.6762,2136.5421
71663,Japanese,Japanese,Asian,16.4416,341311.5788,12624.1140,31829.7921
71793,Japanese,Japanese,Asian,7.3395,341151.1650,12622.5682,31816.0737
71914,Japanese,Japanese,Asian,27.8187,183505.9079,40401.6702,1231.7713
72002,Chinese and Mongolian,Mongolian,Asian,57.4251,605998.8955,38298.4703,48984.8879
72022,Chinese and Mongolian,Mongolian,Asian,94.6931,853548.5830,31559.5060,79581.3495
72030,Chinese and Mongolian,Mongolian,Asian,31.5943,265851.2890,52299.6523,6156.2973
72098,Indian Subcontinent,Pakistani,Asian,19.1839,351391.2739,42561.1582,18907.4195
72123,Indian Subcontinent,Pakistani,Asian,1.4768,390210.4851,47287.3356,20991.4805
72151,Indian Subcontinent,Pakistani,Asian,10.1832,241989.6940,83.4295,27329.5018
72154,Indian Subcontinent,Pakistani,Asian,67.8913,404455.7135,39652.7907,25986.9198
72198,Indian Subcontinent,Pakistani,Asian,279.9892,910100.9762,57448.0649,73517.0400
72202,Indian Subcontinent,Pakistani,Asian,522.7054,151418.2616,32303.8862,1282.4228
72203,Indian Subcontinent,Pakistani,Asian,50776.2417,203599.9180,49.4370,40.6541
72237,Indian Subcontinent,Pakistani,Asian,15749.0160,268909.7440,2455.4460,23541.5971
72245,Indian Subcontinent,Pakistani,Asian,63926.7778,292117.4890,4710.7334,1172.9056
72257,Indian Subcontinent,Pakistani,Asian,55353.8710,208179.8725,1800.8374,286.6834
72264,Indian Subcontinent,Pakistani,Asian,75567.3634,453868.8321,24554.8758,7270.4555
72278,Indian Subcontinent,Pakistani,Asian,2642.7800,198426.8465,40964.1391,1692.6554
72293,Indian Subcontinent,Pakistani,Asian,17.3552,202053.2197,44882.7876,1161.5491
72297,Indian Subcontinent,Pakistani,Asian,68883.1116,331068.4200,6817.2580,3317.4944
72324,Indian Subcontinent,Pakistani,Asian,256.1707,187150.1779,40375.8566,1544.4805
72346,Indian Subcontinent,Pakistani,Asian,4.5780,186125.2255,40370.7595,1545.5262
72360,Indian Subcontinent,Pakistani,Asian,81698.4190,397978.0800,12171.0160,2794.8750
72373,Indian Subcontinent,Pakistani,Asian,2068.4512,158055.8991,32643.5208,1307.1322
72401,Indian Subcontinent,Pakistani,Asian,94476.7632,568146.4077,30756.3718,9147.6660
72421,Middle Eastern,Iraqi,Asian,45.3087,605982.7640,38291.6818,48992.9688
72497,Middle Eastern,Iraqi,Asian,160.4593,485774.9400,30677.4967,39230.7336
72536,Australian,Australian,Australasian,66041.1855,256215.0000,23.1535,60.1980
72581,Australian,Australian,Australasian,141140.5264,564483.6800,15.3720,15.9576
72584,Australian,Australian,Australasian,145.9441,404443.2575,79583.9870,9278.1331
72587,Australian,Australian,Australasian,5406.8634,221149.1820,2223.6840,22904.0730
72598,Australian,Australian,Australasian,7027.5468,332404.2094,5129.5435,34158.9930
72600,Australian,Australian,Australasian,2217.9061,205999.2050,42085.1872,1905.4565
72610,Australian,Australian,Australasian,6395.7180,274193.1000,3424.9800,26780.5980
72713,Australian,Australian,Australasian,6416.5662,317990.9180,3491.8376,33411.8809
72717,Australian,Australian,Australasian,108185.5918,493166.3307,4305.7644,4979.5371
72743,Australian,Australian,Australasian,161375.6233,645216.5617,14.4972,3.9265
72749,Australian,Australian,Australasian,56643.8011,340103.5410,18416.9934,5434.0507
72750,Australian,Australian,Australasian,23.8189,251981.4569,263.2747,27911.6744
72775,Australian,Australian,Australasian,100816.2303,403074.7340,5.2201,0.6531
72791,Australian,Australian,Australasian,9.7421,322817.6303,71810.1821,1813.8208
72825,Australian,Australian,Australasian,74.6233,162568.5572,35942.1397,992.2021
72846,Australian,Australian,Australasian,1502.8353,479082.3671,10239.8169,48664.0298
72859,Australian,Australian,Australasian,27981.7595,352683.2500,1178.1860,28051.4600
72895,Australian,Australian,Australasian,146080.7714,574464.3465,4071.0054,1811.1249
72975,Australian,Australian,Australasian,67.8397,265690.3355,52312.4208,6117.9127
72981,Australian,Australian,Australasian,75545.2768,453725.8900,24559.8864,7264.0348
73007,Australian,Australian,Australasian,42081.7501,518084.8929,6980.6750,35851.4962
73009,Australian,Australian,Australasian,50419.8480,202598.5175,23.6433,110.3022
73021,Australian,Australian,Australasian,97.6577,314424.4192,37925.7321,16977.1686
73084,Australian,Australian,Australasian,478.8132,203780.4600,265.4910,22710.2036
73086,Australian,Australian,Australasian,710.5531,406466.1990,520.1600,45411.5100
73108,Australian,Australian,Australasian,7002.2321,209095.8107,35349.5790,3168.0155
73115,Australian,Australian,Australasian,56466.7011,272007.7910,5478.6424,2475.9176
73160,Australian,Australian,Australasian,241.4959,268010.3884,52330.3056,6286.2505
73167,Australian,Australian,Australasian,145111.4895,607595.4059,3382.5749,3094.2899
73185,Australian,Australian,Australasian,48963.8936,222103.6800,6292.9704,745.5916
73260,Australian,Australian,Australasian,50973.5650,215606.0000,791.9950,1821.5200
73280,Australian,Australian,Australasian,1356.0392,706625.5360,29100.7544,63976.8777
73316,Australian,Australian,Australasian,38.8228,265460.8215,52299.7564,6108.0544
73344,Australian,Australian,Australasian,17.8936,201880.4733,44884.4636,1141.0058
73368,Australian,Australian,Australasian,9801.2608,1291678.2430,54807.6713,113905.4493
73369,Australian,Australian,Australasian,6636.5153,947915.6234,80033.6841,67103.4409
73427,Australian,Australian,Australasian,48.1483,270254.4112,53297.7150,6162.8710
73441,Australian,Australian,Australasian,1280.0501,404407.0939,7617.6646,41570.7061
73444,Australian,Australian,Australasian,57179.5595,306547.3822,17664.0524,1176.7091
73455,Australian,Australian,Australasian,140.9272,399001.0222,78468.5971,9204.6107
73559,Australian,Australian,Australasian,16.7354,402849.1219,50108.1803,21051.5429
73594,Australian,Australian,Australasian,6667.2253,276545.9200,2778.9389,28646.9959
73613,Australian,Australian,Australasian,171237.2429,917680.3424,32988.2708,9589.6481
73622,Australian,Australian,Australasian,56435.9748,228370.8735,2437.1926,1928.8160
73626,Australian,Australian,Australasian,7.6921,241894.0479,31520.0410,11945.7971
73629,Australian,Australian,Australasian,76592.8559,447494.2413,1110.6986,15539.9951
73639,Australian,Australian,Australasian,7.8570,302771.6863,67325.4957,1714.4039
73660,Australian,Australian,Australasian,43.6497,318518.7848,62767.5566,7323.8731
73720,Australian,Australian,Australasian,2210.0018,1196270.8690,26052.1320,120223.4564
73722,Australian,Australian,Australasian,55997.8040,683710.7167,9078.6500,47167.5567
73724,Australian,Australian,Australasian,932.8686,404454.7102,71990.5406,12518.9090
73741,Australian,Australian,Australasian,18.6199,308479.6581,16457.9287,26953.7067
73767,Australian,Australian,Australasian,5344.7229,221095.2850,2218.3548,22898.5807
73768,Australian,Australian,Australasian,0.0791,265321.2755,52292.1557,6110.9571
73794,Australian,Australian,Australasian,70512.4231,271301.7500,606.9730,91.1553
73808,Australian,Australian,Australasian,15362.0688,265467.4600,2508.3526,22548.9900
73819,Australian,Australian,Australasian,1231.3296,272170.4800,4264.3596,28211.0924
73846,Australian,Australian,Australasian,7.3915,390142.1728,47291.7276,20979.2678
73915,Australian,Australian,Australasian,61.0194,265918.0887,52327.9049,6140.1840
73931,Australian,Australian,Australasian,11269.5600,237317.6777,41153.9853,1702.7737
73944,Australian,Australian,Australasian,76850.7798,510614.3751,25255.8783,12835.0998
73954,Australian,Australian,Australasian,99752.6173,380888.7435,4295.5493,677.2334
74077,Australian,Australian,Australasian,37.4937,303739.3213,67328.1349,1812.1794
74096,Australian,Australian,Australasian,62146.4760,240023.6000,3422.9790,331.2210
74126,Australian,Australian,Australasian,9.5636,238721.6613,47064.3679,5487.7576
74143,Australian,Australian,Australasian,9783.1547,292388.4584,49473.7673,4409.1286
74151,Australian,Australian,Australasian,157205.7202,897901.5970,54959.8323,8133.2416
74182,Australian,Australian,Australasian,3039.8122,1597509.4440,34803.3149,160519.9559
74206,Australian,Australian,Australasian,58.8503,150448.4751,32309.0557,1385.4939
74210,Australian,Australian,Australasian,50.0453,824660.3709,94239.7287,48942.9309
74322,Australian,Australian,Australasian,4.4497,463610.0600,64759.1021,20705.0430
74376,Australian,Australian,Australasian,39.6847,265890.2490,52300.9755,6156.3925
74378,Australian,Australian,Australasian,848.8943,431980.8533,17794.3391,39099.3311
74379,Australian,Australian,Australasian,133053.3600,531946.8000,0.0000,0.0000
74410,Australian,Australian,Australasian,86829.6201,511109.9233,26151.4002,7904.1789
74416,Australian,Australian,Australasian,16018.7207,309094.3133,1158.2150,27861.5152
74494,Australian,Australian,Australasian,51637.2327,771764.7703,42872.4005,44189.3518
74502,Australian,Australian,Australasian,190564.9388,754000.6200,1679.1480,227.9440
74511,Australian,Australian,Australasian,43.1974,265626.3375,52302.2863,6124.5097
74528,Australian,Australian,Australasian,7.4454,1023652.6310,37898.7719,95461.2663
74532,Australian,Australian,Australasian,271.4610,290930.4276,77.2400,32755.0883
74553,Australian,Australian,Australasian,3.6132,605792.6185,38284.1479,48991.6531
74565,Australian,Australian,Australasian,180.9574,269255.9015,52422.7546,6435.0790
74579,Australian,Australian,Australasian,1.4556,201742.2717,44880.9352,1133.5243
74638,Australian,Australian,Australasian,1478.6384,785911.7233,32415.4154,71141.0971
74641,Australian,Australian,Australasian,139.6939,392444.1082,47317.8505,21172.5193
74656,Australian,Australian,Australasian,42183.3000,516937.5000,6932.3250,35731.8750
74677,Australian,Australian,Australasian,54.6951,700631.2985,37402.8671,61201.1985
74705,Australian,Australian,Australasian,68142.7352,338807.5614,11912.6739,1400.8263
74756,Australian,Australian,Australasian,6581.5293,276442.1110,3481.2840,26945.0289
74874,Australian,Australian,Australasian,49996.2349,248988.9050,8213.3907,1187.9334
74899,Australian,Australian,Australasian,1510.2367,351665.9126,68354.9222,7998.6713
74916,Australian,Australian,Australasian,78797.4145,318908.1300,4122.7397,2439.7741
74929,Australian,Australian,Australasian,254.5200,202901.0000,266.3600,22710.5100
75013,Australian,Australian,Australasian,10.8329,449559.2203,44054.5668,28920.4256
75045,Australian,Australian,Australasian,238.8740,676383.6705,66103.8273,43495.5930
75083,Australian,Australian,Australasian,90756.4054,362852.8684,1.3057,0.5484
75106,Australian,Australian,Australasian,6995.2707,208951.2172,35340.3612,3157.7617
75121,Australian,Australian,Australasian,100826.8436,403826.4808,2.9606,81.2132
75125,Australian,Australian,Australasian,5.6120,257608.0453,35988.0027,11502.3619
75128,Australian,Australian,Australasian,56896.7153,341331.6686,18461.8568,5439.9262
75136,Australian,Australian,Australasian,44817.5813,547262.4200,7282.9124,37750.0444
75158,Australian,Australian,Australasian,44257.2339,588878.7483,25491.6589,33884.2424
75163,Australian,Australian,Australasian,87754.4190,356679.2690,2197.8835,2145.1913
75194,Australian,Australian,Australasian,6391.5507,317738.3040,3688.4077,33298.2755
75238,Australian,Australian,Australasian,58.5057,391328.5943,47303.1441,21092.7186
75269,Australian,Australian,Australasian,5334.7857,221028.9800,2207.0208,22902.3826
75273,Australian,Australian,Australasian,3.2522,202406.2902,44881.3027,1206.9206
75310,Australian,Australian,Australasian,77.9807,186731.3982,36690.0191,4328.6665
75373,Australian,Australian,Australasian,72234.8823,281653.6432,1778.5523,544.9531
75418,Australian,Australian,Australasian,14.9483,323315.7594,71811.5228,1867.7327
75437,Australian,Australian,Australasian,850.7978,392985.9067,16184.6405,35540.3684
75442,Australian,Australian,Australasian,143344.6355,585448.4235,584.3096,1555.0529
75458,Australian,Australian,Australasian,4983.2653,296051.0500,4382.5804,30526.5047
75481,Australian,Australian,Australasian,75512.0595,453527.0043,24559.5416,7253.9450
75487,Australian,Australian,Australasian,2227.1667,1177408.9780,48494.8003,106605.6153
75497,Australian,Australian,Australasian,2407.0706,1180906.4100,48600.3375,106893.3894
75498,Australian,Australian,Australasian,6795.2485,466240.7512,25173.6874,37755.0751
75505,Australian,Australian,Australasian,6376.4959,307277.1971,39482.3050,12794.6422
75512,Australian,Australian,Australasian,478.1253,395834.0221,47373.0595,21368.9623
75529,Australian,Australian,Australasian,36167.8461,383605.9690,1432.7270,28109.9600
75539,Australian,Australian,Australasian,3769.3215,291327.1673,55688.4705,4209.2675
75598,Australian,Australian,Australasian,98.2125,365471.1000,23037.0915,29559.6720
75624,Australian,Australian,Australasian,2919.8502,275542.8739,38653.3816,11005.1772
75658,Australian,Australian,Australasian,5394.2120,237606.1000,2045.5920,23746.8810
75679,Australian,Australian,Australasian,120514.9414,630583.4935,34357.2093,3697.5831
75693,Australian,Australian,Australasian,6389.9862,318403.0863,3677.1603,33377.5706
75764,Australian,Australian,Australasian,1430.6423,549223.9919,65373.9905,29527.1891
75780,Australian,Australian,Australasian,8.5932,303539.3263,67325.3111,1799.1151
75783,Australian,Australian,Australasian,63.5810,162183.2944,35916.4081,966.2461
75784,Australian,Australian,Australasian,0.0000,201857.5509,44880.1018,1147.3359
75819,Australian,Australian,Australasian,5320.8954,221708.6140,2294.5677,22940.9592
75843,Australian,Australian,Australasian,70629.9900,289250.7500,4812.5775,3511.7950
75855,Australian,Australian,Australasian,32.1081,390351.7621,47291.2214,20993.4371
75880,Australian,Australian,Australasian,52657.2901,209023.9711,1235.3410,958.7677
75893,Australian,Australian,Australasian,80280.9544,433308.5083,27222.5021,1522.3145
75977,Australian,Australian,Australasian,180.0397,451495.9853,62985.7178,20127.0407
76084,Australian,Australian,Australasian,7171.0000,292577.5000,5339.8500,27295.0000
76089,Australian,Australian,Australasian,20566.7409,281507.1600,3016.9970,23259.3561
76169,Australian,Australian,Australasian,182.4407,1283190.2350,47464.0303,119637.9500
76178,Australian,Australian,Australasian,13732.5000,305220.0000,4105.2000,27102.7500
76186,Australian,Australian,Australasian,59647.8844,297221.0520,9848.5716,1408.0118
76230,Australian,Australian,Australasian,5625.3399,296041.6940,7326.3867,27696.2949
76296,Australian,Australian,Australasian,2948.5805,305975.3500,1631.4775,32256.9750
76319,Australian,Australian,Australasian,23.0238,302718.0838,67326.6159,1700.8091
76321,Australian,Australian,Australasian,3698.2818,229518.2592,42644.3959,5087.2827
76358,Australian,Australian,Australasian,77506.0238,359152.1570,4883.9555,2755.3930
76376,Australian,Australian,Australasian,21421.9117,886832.8948,9353.6156,91624.8231
76393,Australian,Australian,Australasian,16.7137,201815.8962,44883.9334,1134.1550
76454,Australian,Australian,Australasian,28.1052,450827.2253,62970.1929,20126.4964
76496,Australian,Australian,Australasian,113702.9742,700017.4380,4915.1000,24321.8000
76513,Australian,Australian,Australasian,119065.5363,446713.2199,2604.7296,1893.3460
76531,Australian,Australian,Australasian,33.4702,212462.2412,41842.0703,4895.3105
76547,Australian,Australian,Australasian,677.9250,614273.9400,38413.9350,49577.4900
76553,Australian,Australian,Australasian,36.5140,818028.6974,51702.7010,66142.4485
76563,Australian,Australian,Australasian,9571.2144,475917.2387,5224.5877,50022.2429
76587,Australian,Australian,Australasian,566.7559,971622.8750,61346.0166,78350.5774
76588,Australian,Australian,Australasian,28.0745,323206.3087,71812.7290,1848.1914
76595,Australian,Australian,Australasian,896.0978,841133.4650,65146.7107,62182.2324
76601,Australian,Australian,Australasian,16.2823,390290.0771,47293.0172,20992.7426
76609,Australian,Australian,Australasian,60.9205,202041.1909,44885.7674,1139.8413
76614,Australian,Australian,Australasian,1492.6121,1037837.2390,62673.1587,85275.7054
76617,Australian,Australian,Australasian,1255.4579,615223.6700,38761.1135,49272.5007
76623,Australian,Australian,Australasian,81.5928,605911.2800,38291.8104,48968.1280
76654,Australian,Australian,Australasian,75605.9854,454079.7688,24576.0901,7275.5693
76705,Australian,New Zealander,Australasian,64.5854,390837.6821,47325.0926,21019.3907
76717,Australian,New Zealander,Australasian,6398.7660,318916.7680,3566.7293,33483.2153
76744,Australian,New Zealander,Australasian,69356.9876,383264.1691,28348.1107,310.6668
76772,Australian,New Zealander,Australasian,97152.0080,378612.1980,617.6543,16.7822
76778,Australian,New Zealander,Australasian,86527.6877,745292.3747,81000.3108,9049.8250
76802,Australian,New Zealander,Australasian,55972.9599,219908.7795,822.7219,463.5338
76817,Australian,New Zealander,Australasian,5589.1366,236515.1357,2746.1374,23066.9371
77088,Australian,New Zealander,Australasian,734.6783,272259.8051,48037.1400,8584.2238
77115,Australian,New Zealander,Australasian,152184.9260,625913.1000,668.7260,1803.0570
77129,Australian,New Zealander,Australasian,42.1456,606225.1708,38297.8497,49018.7488
77138,Australian,New Zealander,Australasian,60.0718,624667.6434,75665.1648,33596.4891
77140,Australian,New Zealander,Australasian,92532.0729,1110982.3190,16203.8346,75736.0967
77141,Australian,New Zealander,Australasian,7689.8539,230139.9818,38869.6611,3511.0350
77151,Australian,New Zealander,Australasian,87522.8579,384512.0260,3469.5300,2308.4155
77165,Australian,New Zealander,Australasian,133061.6742,532134.5400,0.0000,0.0000
77182,Australian,New Zealander,Australasian,514.6915,204064.6900,279.0375,22739.2024
77185,Australian,New Zealander,Australasian,60.7687,265956.6135,52381.5237,6114.4192
77224,Australian,New Zealander,Australasian,41484.1067,372710.8380,543.2662,23548.4862
77227,Australian,New Zealander,Australasian,95355.3676,361623.1742,1733.0994,1083.9548
77254,Australian,New Zealander,Australasian,1306.7927,944921.7253,35129.0541,87637.9231
77276,Australian,New Zealander,Australasian,5976.8192,236951.8822,2408.7770,24392.6854
77329,Australian,New Zealander,Australasian,39.8606,270602.6325,53433.2745,6139.4969
77460,Australian,New Zealander,Australasian,100154.7700,390583.4400,148.6188,278.8424
77497,Australian,New Zealander,Australasian,28.2386,265325.1625,52297.6310,6098.1360
77501,Australian,New Zealander,Australasian,4583.2567,255261.6670,33956.6205,10375.2580
77505,Australian,New Zealander,Australasian,56981.6116,260486.9640,4230.5217,1035.0869
77537,Australian,New Zealander,Australasian,8.6934,449412.7683,44051.3468,28904.2197
77538,Australian,New Zealander,Australasian,2349.6462,1196933.4780,26065.4168,120232.6195
77552,Australian,New Zealander,Australasian,35.5121,265738.7684,52305.1127,6138.1140
77582,Australian,New Zealander,Australasian,50587.5493,249224.3480,6480.0925,3263.1530
77588,Australian,New Zealander,Australasian,4.6957,996915.1885,46037.4685,89282.1640
77593,Australian,New Zealander,Australasian,27287.6430,362780.2347,1136.4717,28561.1141
77639,Australian,New Zealander,Australasian,150.4030,266375.1962,52379.3954,6122.8327
77699,Australian,New Zealander,Australasian,101.8914,278352.0336,55112.7729,6178.3864
77717,Australian,New Zealander,Australasian,7.6869,223331.6158,48453.9288,1848.0449
77719,Australian,New Zealander,Australasian,18972.3040,517000.8000,21113.3720,43818.6880
77733,Australian,New Zealander,Australasian,5421.6388,923371.1157,31077.3853,85346.8725
77737,Australian,New Zealander,Australasian,33.9938,265891.3615,52302.0142,6160.2952
77758,Australian,New Zealander,Australasian,2.1045,363457.5420,22970.4107,29393.3452
77763,Australian,New Zealander,Australasian,88.8440,908879.2800,57461.3056,73456.3832
77766,Australian,New Zealander,Australasian,102173.6270,509280.5148,17916.0642,2215.4392
77779,Australian,New Zealander,Australasian,318.9804,203728.9532,44950.5617,1180.7408
77789,Australian,New Zealander,Australasian,99.0016,599359.2678,37604.4615,48671.8632
78703,Mexican,Mexican,Latin American,13005.8695,470299.5290,10087.6916,42949.0413
78929,Mexican,Mexican,Latin American,12446.0420,480387.6883,85558.1316,10183.4067
79471,Mexican,Mexican,Latin American,100684.7443,547732.1068,34607.0631,2302.4234
80551,Mexican,Mexican,Latin American,58597.0196,617911.5926,62833.6295,14533.5578
81129,Mexican,Mexican,Latin American,51950.6552,204750.6762,711.0995,249.1301
82042,Mexican,Mexican,Latin American,51030.3949,328418.2777,20318.1255,5978.1084
82180,Mexican,Mexican,Latin American,95708.5428,512341.9623,32030.2399,1743.9956
83007,Mexican,Mexican,Latin American,4165.4852,875357.1032,33366.1304,79723.4297
83506,Mexican,Mexican,Latin American,735.5890,189824.2129,36919.5632,4351.5461
83925,Mexican,Mexican,Latin American,234.3654,674799.7892,66141.2693,43309.6840
84353,Mexican,Mexican,Latin American,8075.1031,397388.6237,4445.7319,41698.3209
85075,Mexican,Mexican,Latin American,4838.8946,287617.8235,53250.7338,6297.0712
85149,Mexican,Mexican,Latin American,90706.1123,496872.4305,31452.3114,2147.9153
85344,Mexican,Mexican,Latin American,12020.9508,500111.7353,85954.9088,12321.1805
85370,Mexican,Mexican,Latin American,50954.2668,233217.5820,3800.1478,952.0966
85586,Mexican,Mexican,Latin American,8.1899,265419.2795,52299.5487,6115.2466
85622,Mexican,Mexican,Latin American,4573.1642,297784.9145,56940.6046,6689.4118
85646,Mexican,Mexican,Latin American,50642.1600,231550.6800,3760.4000,924.4400
85736,Mexican,Mexican,Latin American,65484.4500,310658.7000,7298.6400,3156.6000
85767,Mexican,Mexican,Latin American,205.2110,259656.1896,50823.9542,4609.8617
86175,Mexican,Mexican,Latin American,90749.6855,752429.6437,83286.8210,5954.5937
86680,Mexican,Mexican,Latin American,72612.0886,397513.4010,25150.9759,1705.9676
86712,Mexican,Mexican,Latin American,65851.4116,334248.3000,8899.3024,3736.1170
86832,Mexican,Mexican,Latin American,424.4446,267563.9084,52430.4690,6118.7566
87557,Mexican,Mexican,Latin American,15717.3120,1243339.5470,3067.3213,132290.7600
87931,Mexican,Mexican,Latin American,92225.8857,504400.4210,36327.4475,377.3280
88286,Mexican,Mexican,Latin American,2680.1943,504028.2558,48694.2338,32105.0973
88559,Mexican,Mexican,Latin American,74084.6925,355477.0794,7246.8012,3202.9113
88722,Mexican,Mexican,Latin American,46.9764,312912.4594,37882.2456,16835.3906
90276,Caribbean,Rest Caribbean,Latin American,6657.5812,900421.6350,78407.5133,62200.9298
90599,Caribbean,Rest Caribbean,Latin American,100103.5444,387506.9000,7.9604,2.1534
90813,Caribbean,Rest Caribbean,Latin American,70564.4316,282167.4200,3.8430,3.9894
90934,Caribbean,Rest Caribbean,Latin American,40337.5887,739474.9960,14.3905,65400.2709
90976,Caribbean,Rest Caribbean,Latin American,5467.0324,221712.4105,2214.8498,22916.6331
91256,Caribbean,Rest Caribbean,Latin American,1812.7219,833671.1420,52603.2479,66813.1504
91397,Caribbean,Rest Caribbean,Latin American,269.9684,853992.9780,31553.8368,79554.0316
91568,Caribbean,Rest Caribbean,Latin American,2816.0943,837994.0576,52854.9633,66831.5701
91793,Caribbean,Rest Caribbean,Latin American,16153.4720,410457.4000,80.9360,39087.4960
91812,Caribbean,Rest Caribbean,Latin American,3605.8592,780771.5950,40219.3212,67346.0940
92803,Central American,Honduran,Latin American,4.4570,404172.4899,39641.5821,25984.8817
93052,Central American,Honduran,Latin American,71528.7959,304662.4290,2442.0337,1331.5983
93200,South American,Brazilian,Latin American,940.1886,1226966.8710,64028.6371,106594.2341
93249,South American,Brazilian,Latin American,122901.4782,599510.7600,1427.1698,12133.2492
93590,South American,Colombian,Latin American,7061.5510,278447.2800,2823.0152,28664.6164
93659,South American,Colombian,Latin American,76642.7850,338199.0000,4252.5150,3441.1850
93723,South American,Chilean,Latin American,578.3902,204018.9915,361.5458,22718.7025
93802,South American,Chilean,Latin American,5029.7081,291842.1027,51878.8266,5789.4854
94019,South American,Peruvian,Latin American,11841.5282,414882.8840,18853.5555,36020.8218
94136,South American,Argentine,Latin American,2145.5730,250407.9909,32512.0579,12569.0881
94146,South American,Argentine,Latin American,642.2290,242545.9911,47269.4907,5603.6122
94168,South American,Argentine,Latin American,5444.5226,579321.3229,108046.8904,13713.6403
94234,South American,Argentine,Latin American,162.7048,267109.9918,52320.8377,6226.3717
94458,South American,Argentine,Latin American,6657.3481,277224.3436,2839.9638,28699.9830
94459,South American,Argentine,Latin American,31.8897,201956.2089,44883.4982,1143.3195
94460,South American,Argentine,Latin American,123.1943,438826.0318,83742.3512,11277.7258
94465,South American,Argentine,Latin American,1868.3046,281153.5470,54042.9090,6326.8294
94517,South American,Argentine,Latin American,11.1945,945760.9045,50494.0325,82638.4610
94594,South American,Argentine,Latin American,8261.4464,405266.2194,72876.1986,9260.4276
94613,South American,Argentine,Latin American,64.1212,425109.0023,83720.3550,9792.9647
94678,South American,Argentine,Latin American,6549.3583,591211.2857,56146.0955,40230.0428
94701,South American,Argentine,Latin American,2.6062,201747.8026,44880.7744,1133.5321
94762,South American,Argentine,Latin American,2301.3688,571018.3031,30423.9895,49082.1549
94853,South American,Argentine,Latin American,82.3036,265867.4773,52314.5559,6128.8657
94973,South American,Argentine,Latin American,290.6635,214393.8312,42075.2020,4948.7959
94989,South American,Argentine,Latin American,66.5569,265554.7935,52297.8203,6107.6407
95010,South American,Argentine,Latin American,8030.5599,585460.9096,105748.6865,14516.5105
95024,South American,Argentine,Latin American,6.9602,212425.7995,41842.1007,4900.8218
95045,South American,Argentine,Latin American,7525.8806,404330.3070,74104.9713,8705.1993
95090,South American,Argentine,Latin American,872.7383,349739.7913,52696.9050,15162.6311
95131,South American,Argentine,Latin American,42841.8283,473216.5376,57036.9356,8247.6190
95197,South American,Argentine,Latin American,163.5279,632040.7836,33692.5702,55180.7442
95220,South American,Argentine,Latin American,27.0680,212534.5452,41838.5069,4906.8477
95245,South American,Argentine,Latin American,4.9362,700426.6685,37402.5928,61200.2870
95313,South American,Argentine,Latin American,475.5512,267919.7545,52406.4208,6174.1504
95504,South American,Argentine,Latin American,2520.3468,618701.8980,65214.3701,38121.7937
95524,South American,Argentine,Latin American,115.0332,266125.9985,52316.4035,6144.8347
95568,South American,Argentine,Latin American,260.0211,266675.4465,52389.3356,6106.1487
95599,South American,Argentine,Latin American,11454.3186,456583.4062,80044.2111,9862.4047
95798,South American,Argentine,Latin American,48.0826,265509.0721,52305.1740,6106.6977
95809,South American,Argentine,Latin American,3492.4101,281476.6723,53080.6053,6289.9696
95943,South American,Argentine,Latin American,3907.7564,530712.6721,85005.3827,17179.5647
96037,South American,Argentine,Latin American,46.0375,265556.6294,52307.9277,6114.5190
96065,South American,Argentine,Latin American,28686.4805,766257.4382,49043.3436,49821.9111
96069,South American,Argentine,Latin American,38375.0883,412211.0141,42133.2296,10804.5559
96106,South American,Argentine,Latin American,19067.9111,504601.9722,85572.8125,9673.4695
96363,South American,Argentine,Latin American,44.7175,265489.0258,52301.6944,6106.2628
96374,South American,Argentine,Latin American,19.0415,420460.4715,22446.9923,36735.5614
96623,South American,Argentine,Latin American,563.1504,273366.3247,48829.2526,8388.9667
96789,South American,Argentine,Latin American,63.1469,239301.2544,47075.0680,5525.8441
96912,South American,Argentine,Latin American,88338.5985,478097.2441,30052.9465,1772.5089
97049,South American,Argentine,Latin American,5359.5190,221912.7203,2227.8357,22985.0474
97128,South American,Argentine,Latin American,135.0462,212812.1691,41871.0217,4879.9722
97148,South American,Argentine,Latin American,44.4789,265428.4275,52310.0661,6099.6963
97404,South American,Argentine,Latin American,30.5040,318639.0018,62805.3223,7323.5266
97438,South American,Argentine,Latin American,42047.8982,978084.5343,98344.2423,46148.2411
97508,South American,Argentine,Latin American,8.9657,318753.2188,62755.3301,7369.8269
97538,South American,Argentine,Latin American,3227.3768,590549.9132,81857.4294,25704.8828
97610,South American,Argentine,Latin American,24.7551,265311.8614,52296.2648,6098.0987
97637,South American,Argentine,Latin American,90157.2860,407895.8000,5758.3340,1767.0280
97728,South American,Argentine,Latin American,326.2870,161092.1169,31428.6429,3707.3452
97762,South American,Argentine,Latin American,5990.8334,188346.0089,37310.5764,1136.9787
97792,South American,Argentine,Latin American,13004.1719,273569.6137,43205.3345,5351.4668
97815,South American,Argentine,Latin American,105.8214,708266.6905,39030.1814,61266.9229
97931,South American,Argentine,Latin American,5518.3736,222483.6717,2392.9852,22903.1751
97942,South American,Argentine,Latin American,7709.5516,291293.1604,45593.1716,8840.2528
98038,South American,Argentine,Latin American,854.1599,270515.3414,48016.5511,8324.8490
98143,South American,Argentine,Latin American,33.5773,1051088.8460,56104.8120,91839.8818
98150,South American,Argentine,Latin American,13.2836,238754.0384,47067.7864,5489.5873
98185,South American,Argentine,Latin American,645.3727,427965.9623,83794.5973,9825.2643
98248,South American,Argentine,Latin American,50.4105,318481.3693,62764.0465,7318.5596
98457,South American,Argentine,Latin American,8982.5812,201928.4909,33339.9323,3803.7413
98487,South American,Argentine,Latin American,3110.6257,510937.3736,59648.6533,28728.8899
98585,South American,Argentine,Latin American,8.5932,265661.8815,52297.2770,6142.4584
98598,South American,Argentine,Latin American,96.7290,265758.7755,52313.5008,6110.5562
98683,South American,Argentine,Latin American,12120.9620,910935.5285,57181.8637,68838.0051
98686,South American,Argentine,Latin American,8.5445,212199.2815,41835.2986,4878.1613
98741,South American,Argentine,Latin American,9.4077,371761.1819,73243.5810,8571.2359
98777,South American,Argentine,Latin American,3536.6259,281808.3955,53101.5846,6298.0736
98855,South American,Argentine,Latin American,68.7506,303347.7274,67333.6736,1748.9715
98872,South American,Argentine,Latin American,5177.8197,343362.2870,63999.7325,7758.7425
98901,South American,Argentine,Latin American,26.3522,213671.1937,41918.3594,4998.0799
98968,South American,Argentine,Latin American,64.5384,265606.7690,52302.9860,6112.5249
98978,South American,Argentine,Latin American,15547.3709,344008.6465,54479.7326,6957.1896
99018,South American,Argentine,Latin American,47.5013,265742.2080,52302.6011,6134.6704
99146,South American,Argentine,Latin American,24209.1580,395834.7819,60253.3408,7759.8016
99208,South American,Argentine,Latin American,9402.6255,491719.0443,66466.3058,20809.7334
99245,South American,Argentine,Latin American,13.1267,265555.6185,52300.3104,6128.1767
99522,South American,Argentine,Latin American,163.2673,267105.7015,52323.6242,6233.7227
99532,South American,Argentine,Latin American,36728.5931,1239448.8930,70860.5523,88612.8202
99543,South American,Argentine,Latin American,29.5716,265466.6015,52301.2358,6112.3154
99609,South American,Argentine,Latin American,124.3768,216458.4312,41893.8944,5292.9950
99635,South American,Argentine,Latin American,66.7846,265503.6715,52303.9071,6099.7545
99726,South American,Argentine,Latin American,1.7075,185694.5760,36615.3472,4268.4314
99755,South American,Argentine,Latin American,58556.0220,617790.5407,62797.6936,14551.3263
99807,South American,Argentine,Latin American,4681.1183,265111.0161,48251.2669,5814.1373
99817,South American,Argentine,Latin American,0.0000,270227.0594,38388.3537,11918.1270
99830,South American,Argentine,Latin American,46.9074,265526.3286,52300.3020,6111.8557
99905,South American,Argentine,Latin American,54837.5642,578858.3635,58864.1040,13636.8793
99913,South American,Argentine,Latin American,19.4484,968985.7190,61260.7728,78346.8764
99988,South American,Argentine,Latin American,151.6518,543998.0609,76885.3387,24133.4174
100184,Eastern European,Russian,European,4105.0212,389995.6772,73880.7435,8627.4975
100247,Eastern European,Russian,European,57221.8750,275240.6060,5661.4262,2416.9044
100336,Eastern European,Russian,European,130.4224,335997.3200,397.5104,37151.1508
100472,Eastern European,Russian,European,49812.7096,345146.9982,2512.5543,15642.1629
100478,Eastern European,Russian,European,400.4790,1120008.6960,83890.1696,85657.5270
100539,Eastern European,Russian,European,7472.0000,637556.0000,39163.8400,49046.1200
100892,Scandinavian,Danish,European,20836.3436,292395.0725,533.0234,23457.7133
100921,Scandinavian,Danish,European,124065.1472,578999.1860,8928.0900,4969.6800
101005,Scandinavian,Danish,European,120373.1550,475747.4748,85.5480,6.8821
101008,Scandinavian,Danish,European,116963.1589,485364.9100,1811.3975,1976.0325
101116,Scandinavian,Danish,European,125540.0575,586482.5000,12867.1775,2838.8350
101145,Scandinavian,Danish,European,60849.1208,285698.5280,4415.2101,2302.4533
101360,UK,Scottish,European,86024.9205,334380.7373,1410.4907,328.8565
101498,UK,Scottish,European,54465.4347,265859.2706,6182.9850,1997.9233
101549,UK,Scottish,European,51532.3972,235782.2706,2436.6045,2040.8553
101708,UK,Scottish,European,56338.1957,685466.2800,9099.9331,47221.3870
101736,UK,Scottish,European,96364.1596,418445.4188,1592.6835,3481.9876
101789,UK,Scottish,European,58749.1016,299174.6220,5472.9542,4280.1051
101931,UK,Scottish,European,36872.9549,632203.3748,46837.1043,32393.8880
101980,UK,Scottish,European,37.9584,265436.7815,52304.7983,6102.9875
102064,UK,Scottish,European,58036.3765,296371.0940,9042.7760,2736.4387
102113,UK,Scottish,European,41998.5985,521203.4667,8626.6309,35450.4681
102148,UK,Scottish,European,255.8052,527869.7664,34069.4290,42346.4889
102240,UK,Scottish,European,179964.4116,696636.8808,7.9686,0.2132
102292,UK,Scottish,European,54004.6100,426756.5000,9998.7800,19737.0550
102304,UK,Scottish,European,4851.0889,420999.3812,80295.5104,9294.4594
102338,UK,English,European,4826.0793,751084.8920,31398.7253,66361.7913
102353,UK,English,European,3515.7168,281913.4195,53165.5994,6288.6421
102371,UK,English,European,51298.5850,249019.0000,4371.9150,2441.0200
102381,UK,English,European,50217.9659,198400.1307,1960.6945,1196.1750
102493,UK,English,European,28038.9305,345139.9952,5118.4905,23658.6672
102500,UK,English,European,5719.4316,218622.2635,39039.5765,3381.8769
102506,UK,English,European,35864.7823,3440456.6430,4868.2351,363846.9756
102509,UK,English,European,116825.7705,458417.8020,2424.0514,379.1154
102546,UK,English,European,56837.1746,314808.2375,8610.8121,6263.9497
102560,UK,English,European,8841.9228,260090.6240,2929.6311,25602.1915
102576,UK,English,European,4014.8186,455836.9728,38157.2447,32332.0494
102587,UK,English,European,73589.9475,436965.0735,6688.5953,14507.2995
102591,UK,English,European,8017.6650,331383.0000,3300.5750,34330.3100
102594,UK,English,European,21338.6620,390155.6897,36064.6189,16668.7077
102630,UK,English,European,14.9440,302842.0000,19143.6800,24483.2200
102634,UK,English,European,67731.8314,263741.8145,1142.4578,348.6778
102697,UK,English,European,125191.3443,468660.1975,2310.4963,1982.1121
102749,UK,English,European,59179.0163,765109.5658,14237.0891,52500.5435
102879,UK,English,European,10655.5040,287680.6200,11696.2004,24390.0612
102934,UK,English,European,1513.0130,785300.6333,32364.2212,71085.4091
103049,UK,English,European,68748.3284,289503.4680,1536.6966,1729.3463
103077,UK,English,European,9754.9051,604669.3551,58955.6455,37589.1606
103106,UK,English,European,119976.0000,464400.0000,0.0000,0.0000
103188,UK,English,European,68600.1485,341719.0400,6980.8275,3857.7300
103212,UK,English,European,7.4947,294774.0562,38274.9107,14619.1231
103275,UK,English,European,1.3078,397882.2622,78445.9493,9150.9053
103281,UK,English,European,56660.9045,378712.0700,9357.3244,12236.9870
103290,UK,English,European,60974.5734,246568.3760,1524.7050,1374.8850
103400,UK,English,European,464.6531,977533.5835,119342.3548,51727.5734
103433,UK,English,European,3074.1389,291600.5811,56537.1817,4333.3528
103435,UK,English,European,61592.9665,297029.8470,5781.4041,2637.6355
103449,UK,English,European,49683.0500,247523.6800,8206.3000,1164.1000
103583,UK,English,European,0.0930,251258.1000,257.5200,27840.0000
103595,UK,English,European,305.6400,243657.6000,353.1000,27256.2150
103598,UK,English,European,56305.6154,688816.5815,9216.2909,47567.6646
103611,UK,English,European,14624.1908,294892.1040,5320.6500,26079.0750
103632,UK,English,European,54730.0184,262525.8760,4284.3100,2565.1100
103652,UK,English,European,63315.2770,296378.6500,4707.3500,1932.1050
103653,UK,English,European,9095.7663,277579.8460,3932.3255,27131.7005
103690,UK,English,European,3517.4917,261460.7038,48761.5763,5997.4136
103693,UK,English,European,133.0421,425026.8388,83687.7324,9770.1913
103695,UK,English,European,74.6648,214965.7677,41847.3124,5156.9388
103696,UK,English,European,77268.3679,878124.9461,14597.5997,57137.7527
103703,UK,English,European,82.1455,323341.6074,71833.2594,1831.9850
103715,UK,English,European,50402.9426,202091.1920,50.2450,38.0450
103741,UK,English,European,92467.6800,385150.5000,1182.6000,1197.5700
103884,UK,English,European,29536.1050,353876.5000,7252.0900,23022.2250
103940,UK,English,European,52134.7126,440479.3140,12829.1500,22047.5650
103965,UK,English,European,16.4459,2387826.5560,88336.6609,222710.5494
103970,UK,English,European,85262.7070,423860.2500,13384.0280,4586.3500
104008,UK,English,European,73267.9395,686400.5500,3385.1200,43244.5805
104012,UK,English,European,75511.2286,453413.3649,24552.7264,7244.9101
104016,UK,English,European,9259.5880,269938.2500,3120.6176,26376.1486
104089,UK,English,European,4837.2971,751086.5330,31406.9597,66353.1359
104121,UK,English,European,71311.3875,276549.4400,154.9548,485.8078
104170,UK,English,European,0.4260,251654.4500,1268.2850,27857.7560
104189,UK,English,European,68.9795,318814.7572,62775.8331,7341.1601
104196,UK,English,European,12297.3079,328041.6393,2674.9120,30695.6308
104217,UK,English,European,242.3377,231576.0464,35320.1486,8987.5267
104264,UK,English,European,25937.7758,901039.9525,178134.3738,4498.2306
104375,UK,English,European,42.5402,194238.4320,37162.4497,4943.7227
104377,UK,English,European,55984.7587,683629.8578,9071.7510,47167.3219
104389,UK,English,European,107951.6226,419030.7298,141.0685,1.1798
104463,UK,English,European,1731.6020,789260.7333,32472.0698,71416.3293
104508,UK,English,European,151.3306,267808.6490,52367.3870,6305.8028
104510,UK,English,European,12959.6239,425150.1030,2815.5730,42996.9794
104513,UK,English,European,53186.9608,292026.8540,10518.3800,3535.4950
104570,UK,English,European,8017.6650,331383.0000,3300.5750,34330.3100
104700,UK,English,European,3777.4096,253791.5225,32509.4367,11073.9547
104712,UK,English,European,7775.6872,319098.7750,3305.9592,32974.5194
104737,UK,English,European,63.9936,277579.9715,52319.9027,7431.1860
104795,UK,English,European,53773.7350,865471.1569,23847.2205,61445.2746
104823,UK,English,European,6086.0025,337373.1514,17667.4661,27823.2738
104830,UK,English,European,54079.0332,502364.7000,10517.5608,28555.3500
104843,UK,English,European,0.0000,625253.2234,75690.1973,33676.3403
104891,UK,English,European,35847.0879,437856.7782,5825.9872,30207.7595
104975,UK,English,European,6911.2357,277195.5460,2771.2379,28613.8600
105038,UK,UK,European,53237.1028,234999.1695,3719.4105,1408.0327
105042,UK,UK,European,75.1588,265658.7815,52303.9832,6113.1360
105080,UK,Welsh,European,1045.9104,284959.0400,842.7072,31365.1412
105153,UK,Welsh,European,56008.0470,684221.6000,9103.6500,47209.0390
105348,Eastern European,Hungarian,European,50650.7370,231626.0000,3778.3030,921.3500
105351,Eastern European,Hungarian,European,70.9014,424857.8480,83678.6390,9783.0427
105365,Eastern European,Hungarian,European,11971.4786,374563.6619,73220.9896,2000.9579
105512,Eastern European,Hungarian,European,94604.7884,434479.1800,5402.3960,3248.8570
105541,Eastern European,Hungarian,European,85.8417,265764.9360,52311.6461,6115.8050
105558,Eastern European,Hungarian,European,53851.2841,248364.2308,2240.3276,2749.1632
105559,Eastern European,Hungarian,European,1063.8785,600407.2108,681.6242,67258.0536
105608,Eastern European,Hungarian,European,1506.8663,390237.6220,24251.4984,31214.9215
105651,Eastern European,Hungarian,European,75714.7023,465665.7100,8082.2234,13932.1479
105699,Eastern European,Hungarian,European,21722.4406,960566.2557,33999.7819,80715.8796
105717,Eastern European,Hungarian,European,42893.3750,399531.3420,1656.5592,26035.7274
105732,Eastern European,Hungarian,European,94955.1300,433924.5000,7069.5900,1696.9650
105859,Scandinavian,Swedish,European,50446.3800,203689.5000,43.2400,207.7650
105878,Scandinavian,Swedish,European,101114.3328,418972.6136,475.6561,2758.0268
105929,Scandinavian,Swedish,European,58832.5301,269051.8140,3287.8125,1933.0800
106045,Scandinavian,Swedish,European,59504.4760,388127.7800,15435.1150,9206.1720
106078,Scandinavian,Swedish,European,6.7364,359412.7865,359.6498,39780.7571
106185,Scandinavian,Swedish,European,38.3618,449386.9303,44062.3587,28887.6477
106207,Scandinavian,Swedish,European,44.2073,154804.8313,36463.8317,975.8445
106209,Scandinavian,Swedish,European,1191.9342,686026.3374,51101.8897,52195.1033
106348,Scandinavian,Swedish,European,61.4182,559396.8026,41936.6139,42830.1870
106485,Scandinavian,Swedish,European,8146.8250,274675.0000,2882.3750,26401.6000
106560,Belgian,Belgian,European,76397.2042,332904.6860,2355.0834,1798.1848
106574,Belgian,Belgian,European,54071.4679,247144.5255,572.5228,3191.0927
106586,Belgian,Belgian,European,94532.9366,432058.4200,5422.4580,2963.8294
106593,Belgian,Belgian,European,67918.0376,307284.8140,3043.2450,2379.9200
106615,Belgian,Belgian,European,402.3439,398782.3229,47563.0036,21706.0771
106645,Belgian,Belgian,European,151199.5277,605401.4504,202.2253,5.1620
106651,Belgian,Belgian,European,102.7669,675401.3830,66121.6963,43451.1128
106764,Belgian,Belgian,European,167.1253,303657.5456,67351.3613,1731.9407
106776,Belgian,Belgian,European,3925.2292,859534.3462,45391.5898,73661.2884
106787,Belgian,Belgian,European,654.0539,271639.6719,48055.9277,8536.7963
106858,Belgian,Belgian,European,114.9920,419652.4283,27141.7360,33679.9576
106888,Scandinavian,Norwegian,European,50433.7317,203242.4307,232.7096,74.5071
106909,Scandinavian,Norwegian,European,60453.7782,480025.1117,1162.1676,27367.4651
106941,Scandinavian,Norwegian,European,65702.9958,662471.0400,1374.6594,45532.2210
106962,Scandinavian,Norwegian,European,87629.9477,391767.2158,4514.4860,1954.6489
107009,Scandinavian,Norwegian,European,319.8240,168716.7898,37008.0612,1053.7087
107060,Scandinavian,Norwegian,European,80709.9714,323894.9076,114.5800,100.1550
107069,Scandinavian,Norwegian,European,68388.5764,454421.7760,2676.1600,18846.9870
107138,Scandinavian,Norwegian,European,80709.9714,323894.9076,114.5800,100.1550
107159,Scandinavian,Norwegian,European,66834.3277,303393.8400,3501.5366,2462.4225
107193,Scandinavian,Norwegian,European,2670.0067,324175.6327,1819.1047,34334.1649
107256,Deutschland ,Austrian,European,69634.0499,318129.3760,5177.1304,1238.8066
107370,Deutschland ,Austrian,European,1017.7795,305717.9059,221.2699,34100.8949
107371,Deutschland ,Austrian,European,79651.5816,339058.9409,3055.2071,1940.8660
107405,Deutschland ,Austrian,European,50028.7977,194436.4800,19.1160,83.8933
107457,Deutschland ,Austrian,European,53344.7085,396974.5000,13608.0915,13760.1800
107462,Deutschland ,Austrian,European,100798.8233,402992.5617,0.0972,0.0265
107466,Deutschland ,Austrian,European,83864.5420,393073.6725,14.4681,8004.2793
107480,Deutschland ,Austrian,European,64308.1837,316698.6683,3981.5725,4687.4438
107494,Deutschland ,Austrian,European,45660.9016,521027.3808,24009.4986,26827.1582
107495,Deutschland ,Austrian,European,52662.2039,210725.9100,856.0725,301.6575
107498,Deutschland ,Austrian,European,60497.0160,272646.8888,3252.2043,2073.7840
107508,Deutschland ,Austrian,European,49793.5581,218234.5973,2233.5095,931.5861
107511,Deutschland ,Austrian,European,79617.7588,412802.1900,8835.1852,5858.5858
107514,Deutschland ,Austrian,European,58195.3519,256227.5760,2861.3149,878.1061
107536,Deutschland ,Austrian,European,93987.0232,401091.9179,3880.4352,1084.2444
107538,Deutschland ,Austrian,European,40132.2554,585288.1411,1077.7029,47918.3185
107541,Deutschland ,Austrian,European,66612.4816,335302.5288,6905.7186,3873.3232
107543,Deutschland ,Austrian,European,57496.0948,241766.4362,1018.9106,2218.7399
107721,Greek,Greek,European,1262.9342,282115.8177,49149.4969,7631.5787
107781,Greek,Greek,European,50408.0852,201795.6280,25.1200,19.0200
107824,Greek,Greek,European,241719.1529,1083902.3250,11498.5804,6667.2524
107902,Greek,Greek,European,63465.2658,292790.6720,4715.4625,1453.9242
107945,Greek,Greek,European,60479.2116,242017.7808,49.5486,1.2632
107948,Greek,Greek,European,50399.4818,213463.3200,7.1940,1350.1122
108008,Greek,Greek,European,18868.4742,410625.4380,12863.5000,34561.2000
108020,Greek,Greek,European,241915.2000,2894296.0000,0.0000,218000.0000
108024,Greek,Greek,European,180.0343,580199.5300,85.3787,65523.7300
108074,Greek,Greek,European,983.7363,217177.7560,686.7175,23938.2675
108080,Greek,Greek,European,80663.3147,323504.1940,82.4416,75.7446
108083,Greek,Greek,European,50015.0920,232562.4000,3452.5300,1804.5230
108187,Greek,Greek,European,104608.3381,666590.3422,26369.8588,14905.2599
108218,Greek,Greek,European,594.6910,327425.2431,715.0258,36436.2129
108417,Greek,Greek,European,9.8422,1174974.0700,21184.4818,120238.8606
108520,Greek,Greek,European,47763.5482,547835.1091,18882.5236,34678.5191
108558,Greek,Greek,European,106479.7090,567857.2354,34620.4836,2055.6191
108561,Greek,Greek,European,2793.6551,224213.2450,487.0287,23905.9330
108789,Greek,Greek,European,0.1386,204649.1290,0.0000,23150.0000
108807,Greek,Greek,European,79000.3317,471016.7296,25428.5187,7545.3006
108831,Greek,Greek,European,63506.7464,289968.1800,4703.3656,1121.9080
108896,Greek,Greek,European,99392.5660,590763.0209,32019.9071,9351.9348
108971,Greek,Greek,European,611.2346,332028.6386,63157.7879,8411.4454
109018,Greek,Greek,European,74.7964,266077.2575,52307.7681,6157.9211
109044,Greek,Greek,European,77393.3051,465002.6462,25172.6172,7454.0873
109130,Greek,Greek,European,7.4720,354969.7000,27671.8984,26327.3668
109143,Greek,Greek,European,18.3993,727733.2850,46021.7428,58834.8594
109161,Greek,Greek,European,46023.3526,664817.8531,40990.7305,35124.7772
109243,Greek,Greek,European,4.0910,308585.2453,67320.8969,2375.4610
109361,Greek,Greek,European,52616.4098,290842.1040,10284.5980,3848.6040
109372,Greek,Greek,European,59534.6900,410157.1458,22463.3969,10354.9182
109382,Greek,Greek,European,501.1535,1245015.7250,77662.2680,99582.2900
109426,Greek,Greek,European,74.5539,727888.2230,46000.2091,58838.4185
109468,Greek,Greek,European,83.7100,727801.5200,46095.1980,58783.0940
109470,Greek,Greek,European,5253.9509,705535.6707,67200.5646,44328.6795
109484,Greek,Greek,European,86.4106,484993.7830,30650.4540,39185.7876
109521,Greek,Greek,European,75504.1097,453379.8245,24551.9258,7244.4211
109528,Greek,Greek,European,114108.5231,629843.8632,18083.5537,10780.6068
109593,Greek,Greek,European,1868.6397,257493.7166,47289.2232,6727.3848
109607,Greek,Greek,European,1181.4659,941535.3108,108087.1258,55974.0276
109665,Greek,Greek,European,476.7308,376760.0115,3003.2285,40959.2904
109748,Greek,Greek,European,1.8581,605571.7500,38284.5880,48967.0553
109798,Greek,Greek,European,1184.6238,664438.0587,25930.6072,60951.4435
109931,Greek,Greek,European,102067.3514,426191.5185,737.9672,1843.2641
109987,Greek,Greek,European,101964.0407,613110.8562,33166.4728,9878.1751
110049,Greek,Greek,European,49684.4794,247536.6300,8207.9716,1164.1630
110081,Greek,Greek,European,65394.2953,451761.5200,11500.4652,15988.2757
110108,Greek,Greek,European,16389.9396,594487.0922,85730.5082,18345.0328
110162,Greek,Greek,European,31001.2888,453426.6565,42202.9661,16862.9207
110215,Greek,Greek,European,1988.5849,654526.9136,41499.7221,52231.8572
110276,Greek,Greek,European,61.3962,909100.2865,57468.7602,73490.9335
110322,Greek,Greek,European,6954.5646,1625960.0670,61906.5929,148046.5489
110340,Greek,Greek,European,479.6182,374217.9680,73371.7242,8673.1906
110389,Greek,Greek,European,612.0719,332031.3088,63157.7808,8411.4688
110432,Greek,Greek,European,47.2201,606319.0659,38293.7846,49028.3874
110479,Greek,Greek,European,49687.9508,247448.7400,8212.0312,1150.8160
110595,Greek,Greek,European,4941.2888,539463.4388,19573.5891,48487.0900
110618,Greek,Greek,European,77401.8698,465084.5866,25173.5986,7460.6043
110723,Greek,Greek,European,252062.6800,1007745.7200,5.4144,0.6912
110798,Greek,Greek,European,3864.7600,575867.5000,5899.2800,60691.7550
111114,Greek,Greek,European,22.1421,286891.3052,55560.3590,5602.4153
111436,French,French,European,8175.1844,334294.7881,3398.3166,34560.5577
111595,French,French,European,20.7059,202434.6874,44885.1157,1201.6831
111689,French,French,European,53818.5637,245819.9012,3996.1134,953.7059
111864,French,French,European,0.0000,289068.0000,0.0000,32700.0000
111946,French,French,European,37812.3300,499840.7300,9642.3200,34609.8750
111991,French,French,European,50319.0471,260543.8460,8634.2380,2231.6011
112071,French,French,European,201256.1700,861379.6667,7941.2533,4204.3400
112080,French,French,European,63379.0576,290508.9480,4768.9240,1209.4452
112219,French,French,European,53865.2203,301533.1500,10965.3367,4109.7610
112432,French,French,European,43997.3237,535026.0779,7172.7479,36842.9518
112595,French,French,European,51.7256,966997.5808,61838.4199,78022.0600
113265,French,French,European,68282.4711,339259.3514,11939.7876,1392.9169
113427,French,French,European,94.6051,291171.0274,95.9774,32855.6131
113611,French,French,European,56884.7857,257657.0168,3535.0748,2129.2375
113726,French,French,European,59491.8850,319878.5000,6027.4250,6509.2200
113741,French,French,European,100826.4646,403105.8425,0.2832,0.3269
113804,French,French,European,402.3890,276497.9999,54357.3347,6233.8610
113995,French,French,European,28190.7306,465807.4316,6670.6022,37102.0176
114095,French,French,European,49684.4794,247297.9500,8207.9716,1137.1630
114179,French,French,European,53354.0148,364150.6403,1729.8382,16718.8429
114553,French,French,European,2912.7887,813981.7472,18203.5192,80974.3252
114954,French,French,European,60876.7667,780273.5670,10305.7913,55921.1181
115128,French,French,European,49685.9807,247301.0783,8207.0017,1137.7523
115195,French,French,European,69150.3678,365146.4140,8628.2917,5240.8977
115320,French,French,European,5566.7751,727546.6547,30294.2485,64178.7578
115360,French,French,European,49852.2861,250378.5642,5070.2111,2891.4278
115781,French,French,European,66006.5326,288964.4130,2709.3737,1493.0539
115822,French,French,European,83.0130,390802.4971,47295.0373,21020.4385
115910,French,French,European,55657.9224,281158.5550,10034.2276,1335.3650
116133,French,French,European,1895.4678,285930.7219,17334.0080,23279.4499
116657,French,French,European,1914.2914,251781.0843,34820.1027,10594.9178
116827,French,French,European,45948.7792,561137.5325,7440.1170,38724.1353
117269,Deutschland ,Swiss,European,2885.7879,550561.7685,36427.6031,42630.9034
117314,Deutschland ,Swiss,European,66644.1107,335176.3020,6913.3382,3841.8218
117354,Deutschland ,Swiss,European,4339.8734,521976.0585,399.9601,56858.3596
117426,Deutschland ,Swiss,European,85647.8469,1350306.5210,3985.3998,111767.9400
117444,Deutschland ,Swiss,European,85087.8723,377181.8765,4868.8583,1494.3421
117447,Deutschland ,Swiss,European,142.7360,562357.9070,42109.9384,43061.3782
117471,Deutschland ,Swiss,European,139537.0600,684629.8000,21577.6000,2764.2000
117536,Deutschland ,Swiss,European,207303.8265,903541.0910,9405.8462,2544.9832
117631,Deutschland ,Swiss,European,102137.3772,614871.5262,33338.7036,9915.2368
117638,Deutschland ,Swiss,European,16989.0180,347250.7982,10259.1962,26283.0597
117684,Deutschland ,Swiss,European,105864.7065,511267.2150,10465.4527,4637.8280
117726,Deutschland ,Swiss,European,80249.7557,433718.7300,3555.4478,11705.5942
117786,Deutschland ,Swiss,European,60426.6616,362988.1124,19644.8312,5816.5261
117893,Deutschland ,Swiss,European,68242.7467,295341.7160,2821.8321,773.5297
117926,Deutschland ,Swiss,European,4.3408,390326.3964,47289.2685,21003.7368
117936,Deutschland ,Swiss,European,5336.3606,1399616.1400,51625.5692,128525.1127
118203,Deutschland ,Swiss,European,68630.5534,452174.7760,2654.1700,18747.9450
118264,Deutschland ,Swiss,European,76805.6320,343164.6000,3945.1200,1727.0780
118359,Deutschland ,Swiss,European,57530.0490,345419.1050,18767.1622,5489.7920
118497,Deutschland ,Swiss,European,95062.9030,637190.4837,672.4060,29246.1463
118512,Deutschland ,Swiss,European,83036.8234,367802.3760,3049.5250,2384.6750
118514,Deutschland ,Swiss,European,81727.9476,376137.1156,3620.5939,3526.9229
118521,Deutschland ,Swiss,European,121900.8012,558797.4200,6720.6868,4248.8332
118529,Deutschland ,Swiss,European,94108.0805,424371.4424,2510.4943,5050.4385
118530,Deutschland ,Swiss,European,61911.6248,266472.4965,2361.2971,666.4404
118546,Deutschland ,Swiss,European,74496.7456,339054.7173,8483.5951,1457.8470
118548,Deutschland ,Swiss,European,141778.4665,606407.4625,7478.6555,2870.2167
118553,Deutschland ,Swiss,European,110479.2776,502981.4200,7341.4670,2416.4694
118567,Deutschland ,Swiss,European,85911.2012,923817.4000,4348.4232,63228.9829
118575,Deutschland ,Swiss,European,108284.3616,784263.3158,4019.3600,37452.7937
118578,Deutschland ,Swiss,European,57039.7220,246849.4059,1615.5024,1255.9499
118594,Deutschland ,Swiss,European,50399.7227,204648.4900,12.5730,350.2133
118610,Deutschland ,Swiss,European,68945.9851,744336.1379,3319.3521,51116.2972
118614,Deutschland ,Swiss,European,66432.0659,294247.8757,2439.7172,1907.7665
119041,Spanish and Portuguese,Portuguese,European,1023.2451,248517.3083,3827.4253,25666.7415
119145,Spanish and Portuguese,Portuguese,European,15070.6282,351234.5363,48581.4402,9158.1667
119189,Spanish and Portuguese,Portuguese,European,63877.0721,1843426.2670,55634.4992,149432.3743
120142,Italian,Italian,European,170292.9852,846601.0934,29761.1940,3490.4393
120656,Italian,Italian,European,104803.4632,476177.5108,5514.8650,3295.6368
120678,Italian,Italian,European,15625.4114,341225.6560,2817.8752,30453.6944
120704,Italian,Italian,European,64225.4336,739214.3543,1038.5800,55387.6538
120760,Italian,Italian,European,339.5188,246551.6600,187.3537,27683.8849
120859,Italian,Italian,European,164069.0309,698980.1600,6942.2686,2878.6394
121223,Italian,Italian,European,86534.4075,605035.0560,5334.7123,26572.5897
121229,Italian,Italian,European,102185.9322,509256.5106,18033.3407,2150.4109
121256,Italian,Italian,European,4761.7754,294122.1051,4538.7548,30230.8868
121272,Italian,Italian,European,123173.1026,516346.3461,7957.4243,1799.7043
121440,Italian,Italian,European,24995.6669,363057.9505,2291.3213,28830.3428
121616,Italian,Italian,European,55615.1965,250185.3943,523.3233,2860.6906
121637,Italian,Italian,European,83454.3847,469321.6206,10466.2780,10659.1893
121639,Italian,Italian,European,89460.8000,434422.0000,5767.5000,5999.1000
121816,Italian,Italian,European,20.4777,142121.2511,31428.3879,885.3100
122215,Italian,Italian,European,6698.0192,488497.4721,44605.1577,33493.0958
122238,Italian,Italian,European,64642.7109,321949.8040,10697.4035,1495.2466
122242,Italian,Italian,European,45354.1329,584034.7286,7877.4342,37781.6965
122358,Italian,Italian,European,811.9751,242363.0944,48228.9536,5148.5290
122457,Italian,Italian,European,53916.7533,858797.8464,36339.6334,54034.9750
122554,Italian,Italian,European,49683.0500,247643.0200,8206.3000,1177.6000
122626,Italian,Italian,European,6290.5929,188164.7867,31802.6516,2857.4268
122645,Italian,Italian,European,104.8022,391697.2433,47350.5368,21086.2557
122648,Italian,Italian,European,97121.1605,481833.6911,17139.6768,2126.4833
122657,Italian,Italian,European,170358.6446,851106.1015,30166.8450,3786.0717
122831,Italian,Italian,European,7417.5602,428130.2164,18879.0772,35867.6794
123047,Italian,Italian,European,16.1855,265746.5102,52306.6216,6145.3032
123126,Italian,Italian,European,170269.5093,846217.3114,29735.7226,3470.3695
123358,Italian,Italian,European,4813.4753,238101.6493,2674.1969,24987.2743
123373,Italian,Italian,European,60217.3891,328650.9533,20425.7674,1549.7284
123419,Italian,Italian,European,119177.1848,592371.5479,20812.5571,2437.0991
123490,Italian,Italian,European,4850.3603,292386.1204,54552.7580,6345.3074
123627,Italian,Italian,European,1817.5617,996746.3720,21710.3621,100182.4500
123849,Italian,Italian,European,74978.0296,605727.3207,34731.7383,19847.9823
123861,Italian,Italian,European,63304.5000,289497.5000,4731.9000,1145.5750
123908,Italian,Italian,European,1838.5694,997415.6068,21706.6047,100250.0970
123965,Italian,Italian,European,63305.1504,289162.2000,4703.3656,1121.9080
124264,Italian,Italian,European,63302.7000,289162.2500,4705.4500,1121.9250
124551,Italian,Italian,European,3784.1676,417799.5209,58845.6966,17256.1769
124570,Italian,Italian,European,1762.6042,372018.0690,23405.5794,29511.0233
124668,Italian,Italian,European,85351.3050,474848.4300,16759.1025,7446.7125
124777,Italian,Italian,European,0.0000,162015.0437,35938.9414,948.9087
124789,Italian,Italian,European,1210.6179,454730.5993,44196.4740,28895.9927
125040,Italian,Italian,European,14140.3044,350332.8772,57635.5689,5086.3491
125059,Italian,Italian,European,13.6120,330151.3770,39905.0480,17672.0992
125140,Italian,Italian,European,50968.7320,248311.1253,5500.7261,2317.1422
125201,Italian,Italian,European,12.7622,141795.1027,31452.9801,835.9292
125252,Italian,Italian,European,14769.8220,395693.8293,55811.6505,12827.5630
125335,Italian,Italian,European,51767.7684,275625.9570,9789.3971,2682.1461
125376,Italian,Italian,European,1476.7751,223177.7804,42080.0130,5307.9018
125589,Italian,Italian,European,49683.0500,247523.6800,8206.3000,1164.1000
125607,Italian,Italian,European,137719.2916,684670.8578,24436.2200,2856.4924
125614,Italian,Italian,European,2282.2026,267424.9749,6202.8511,26248.3566
125729,Italian,Italian,European,127.8602,265877.5435,52316.3598,6111.5144
125865,Italian,Italian,European,153290.4804,762877.1546,26800.8632,3227.2241
125923,Italian,Italian,European,1498.1598,987284.8729,77233.9820,72257.4733
125924,Italian,Italian,European,125609.5400,582864.0000,11755.9200,2145.5800
126215,Italian,Italian,European,1454.3114,400927.1303,47779.1565,21320.2242
126497,Italian,Italian,European,88137.2773,422147.8617,4592.3943,5137.5437
126569,Italian,Italian,European,1283.0108,215740.5240,43349.1217,3007.5647
126758,Italian,Italian,European,51610.6118,241384.9869,1080.3368,3585.0060
126788,Italian,Italian,European,63307.4458,289529.3970,4703.3656,1162.4080
127499,Italian,Italian,European,64619.6863,321950.4630,10684.5103,1510.6970
127648,Italian,Italian,European,107781.8883,640930.8985,17002.1717,15018.2421
127973,Italian,Italian,European,5716.4011,324734.5675,21067.0421,24185.6597
128137,Italian,Italian,European,2064.6305,633790.8189,25990.1839,57041.1829
128262,Italian,Italian,European,174.3414,268963.9345,52519.8029,6353.2483
128397,Italian,Italian,European,1005.9784,269822.6778,52386.7228,6191.5147
128555,Italian,Italian,European,136227.1022,681018.0547,24637.9070,2820.8138
128562,Italian,Italian,European,1496.3597,798574.3959,35134.8696,71258.8128
128602,Italian,Italian,European,0.0000,183577.7497,40840.8926,1031.3357
128610,Italian,Italian,European,51074.8198,254313.6865,8925.6706,1091.6006
128851,Italian,Italian,European,8946.9262,273336.2990,8974.3772,22720.6500
128896,Italian,Italian,European,79267.8028,498453.7219,14728.6030,12832.3599
128968,Italian,Italian,European,88316.2466,459269.6309,17610.1210,3481.8610
129044,Italian,Italian,European,112410.2840,546008.8000,15574.3400,2402.6960
129081,Italian,Italian,European,5685.2383,324497.2757,21075.0613,24166.3319
129183,Italian,Italian,European,63318.3900,304727.9000,5418.7780,2532.0330
129191,Italian,Italian,European,4855.4786,221529.5574,34566.4673,7052.3014
129326,Italian,Italian,European,1648.0325,405284.8851,48900.7227,21200.6154
129483,Italian,Italian,European,6408.3479,1423945.7870,56886.9797,128089.5929
129500,Italian,Italian,European,112.2212,269817.6515,53153.9518,6157.1832
129907,Italian,Italian,European,51498.9632,253034.9165,5580.9430,2106.8000
130067,Italian,Italian,European,51091.7053,254060.4155,8936.2707,1050.7423
130103,Italian,Italian,European,63653.7587,299142.3280,3906.3037,3185.0161
130221,Italian,Italian,European,235037.2608,1536413.0710,67521.5108,36291.6189
130300,Italian,Italian,European,36.6480,203175.1972,44917.7233,1269.1315
130765,Italian,Italian,European,64469.0200,312974.5000,5469.1000,2932.1800
130835,Italian,Italian,European,82586.5194,385582.9500,6304.4716,2332.8730
130953,Italian,Italian,European,82.3375,274505.5515,33150.6876,14793.0744
131052,Italian,Italian,European,1489.3414,629546.1667,25908.4818,56877.7108
131164,Italian,Italian,European,15.0592,144087.5841,31518.4971,1061.2413
131194,Italian,Italian,European,46.3600,390797.5821,47321.3008,21020.5721
131555,Italian,Italian,European,47.4208,319233.5520,62815.2144,7378.0518
131773,Italian,Italian,European,82323.3750,486266.8100,27311.6528,7440.8628
131854,Italian,Italian,European,49898.9646,256692.0700,10079.2644,1247.6170
131903,Italian,Italian,European,86934.1261,1365690.1990,53697.9968,87071.3724
131984,Italian,Italian,European,77.3044,371862.0908,73223.8195,8565.4695
132013,Italian,Italian,European,799.9984,269344.0306,52452.5831,6183.9578
132499,Italian,Italian,European,50654.2963,231588.8689,3785.4769,912.5555
132736,Italian,Italian,European,177129.8206,876917.6512,31350.5162,3712.6867
133008,Italian,Italian,European,49691.0500,247478.3400,8214.3000,1151.6000
133052,Italian,Italian,European,52600.6878,284989.0100,10129.9492,3185.8810
133058,Italian,Italian,European,5708.8511,478053.0475,4251.1674,49606.3348
133422,Eastern European,Polish,European,13051.6650,643097.8267,11986.9022,63021.3481
133423,Eastern European,Polish,European,9034.0495,551798.6875,30866.6761,43654.8871
133538,Eastern European,Polish,European,8380.5566,330373.0570,13432.0407,26515.7549
133576,Eastern European,Polish,European,98462.0313,415504.5960,2839.1425,687.3475
133581,Eastern European,Polish,European,8029.3205,331444.8675,3309.5802,34331.2688
133708,Eastern European,Polish,European,8380.5566,330373.0570,13432.0407,26515.7549
133746,Eastern European,Polish,European,626.2705,476612.7664,57944.2743,25302.5182
133886,Belgian,Dutch,European,116012.2820,496315.5245,4273.5473,2104.6737
133887,Belgian,Dutch,European,621.4232,202229.1525,273.4010,22526.9877
133931,Belgian,Dutch,European,58425.3510,281058.6040,3210.3279,4908.8398
133989,Belgian,Dutch,European,67652.6177,307005.8633,5101.6820,1239.9096
134002,Belgian,Dutch,European,94431.2142,399446.8380,2845.4200,692.1000
134053,Belgian,Dutch,European,50406.8570,201666.0000,5.3430,14.4000
134065,Belgian,Dutch,European,79513.7824,391444.0620,7877.1550,4174.5550
134141,Belgian,Dutch,European,456.7282,403785.4161,48793.9666,21621.9974
134200,Belgian,Dutch,European,70282.6200,339056.5000,6254.0200,3066.2050
134201,Belgian,Dutch,European,677.0762,439435.3636,56632.0330,21718.2855
134235,Belgian,Dutch,European,1094.8530,598167.0924,13027.6162,60119.5975
134303,Belgian,Dutch,European,59024.9236,257654.7640,2651.8175,1282.3715
134373,Belgian,Dutch,European,1014.4302,280149.3940,51437.2666,6411.0041
134502,Belgian,Dutch,European,5385.4263,221101.2036,2210.2791,22888.9046
134546,Belgian,Dutch,European,54254.7075,215576.5000,284.5825,545.2050
134609,Irish,Irish,European,19520.4394,693944.4540,40771.1019,49257.8928
134833,Irish,Irish,European,69510.9618,323753.4216,9816.9015,1758.9423
134905,Irish,Irish,European,42058.9648,513872.7527,7003.2908,35377.9400
134961,Irish,Irish,European,64357.9300,301382.0000,9652.5500,1971.7800
135047,Irish,Irish,European,5521.3080,205234.4952,36856.0387,4362.5284
135137,Irish,Irish,European,1516.0593,759436.5612,30784.6495,68963.2310
135312,Irish,Irish,European,33422.3325,340099.3000,1531.4225,24209.6030
135557,Irish,Irish,European,38795.3250,502832.9000,5653.4500,36602.6490
135599,Irish,Irish,European,273.1425,213322.7881,41882.6205,4884.3432
135900,Irish,Irish,European,76819.1056,363800.6140,6168.3700,2726.2420
136115,Irish,Irish,European,20.1124,667205.6800,148417.6265,3748.3462
136234,Irish,Irish,European,61418.2033,858245.9203,106749.9178,22530.5395
136681,Irish,Irish,European,58196.0502,233227.7270,2675.4694,1662.2428
136805,Irish,Irish,European,28430.2650,365112.1000,922.9130,29293.3910
136924,Deutschland ,German,European,77.1274,1027102.4630,38562.7742,95495.9160
137014,Deutschland ,German,European,70392.9254,341017.7800,6277.3660,6454.7736
137026,Deutschland ,German,European,6637.5072,229972.4011,34656.1217,6193.8786
137263,Deutschland ,German,European,63903.5458,296897.9623,5096.5100,1544.8108
137275,Deutschland ,German,European,61327.2800,287324.7500,3385.6300,2918.8600
137319,Deutschland ,German,European,63959.1250,306916.7167,5327.3250,2665.8717
137379,Deutschland ,German,European,90022.3454,460558.6480,7143.4614,7320.6020
137409,Deutschland ,German,European,117905.5264,629534.5250,47.0728,18635.9031
137428,Deutschland ,German,European,57891.7228,241963.3353,2462.1200,832.8136
137472,Deutschland ,German,European,50386.2170,429004.0000,3193.2950,23940.2080
137484,Deutschland ,German,European,74008.2113,332025.4960,4284.8825,2489.4385
137533,Deutschland ,German,European,62636.7320,516688.1000,6038.5130,27970.5750
137563,Deutschland ,German,European,56600.2117,244387.4425,1483.5930,1217.9926
137699,Deutschland ,German,European,75909.9018,417759.0947,3983.4227,11389.7989
137704,Deutschland ,German,European,66426.7000,294095.0000,2427.0600,1898.2300
137797,Deutschland ,German,European,66679.3039,268685.5488,48.3206,223.0981
138008,Deutschland ,German,European,64740.2798,290078.3680,3174.6062,1668.8131
138034,Deutschland ,German,European,630.7944,249976.3575,10146.1776,22655.9242
138041,Deutschland ,German,European,1.4498,852887.1273,31548.9859,79551.0253
138049,Deutschland ,German,European,55466.2674,425536.2300,2727.8445,21772.7341
138069,Deutschland ,German,European,63336.6225,289372.8900,4713.2011,1129.3780
138141,Deutschland ,German,European,82395.6300,589783.6000,2667.3700,27824.9500
138156,Deutschland ,German,European,56163.8784,427483.2817,1234.1835,22189.6042
138169,Deutschland ,German,European,103629.4668,450388.0840,4702.7524,1124.0938
138214,Deutschland ,German,European,49251.7088,208002.8360,1436.7976,356.2440
138235,Deutschland ,German,European,54450.2330,294864.2260,4357.6177,6210.0019
138462,Deutschland ,German,European,52262.0600,232974.1100,2872.7570,928.3750
138520,Deutschland ,German,European,88488.7884,377150.8760,3159.9200,2022.4000
138574,Deutschland ,German,European,7580.7046,423402.9660,17618.2321,35825.7132
138632,Deutschland ,German,European,54198.1256,218912.0400,296.4180,67.5324
138776,Deutschland ,German,European,96052.1134,1415057.7400,60289.2973,85489.9718
138951,Deutschland ,German,European,63371.1910,296103.3100,3632.8900,2847.8560
138960,Deutschland ,German,European,65096.2895,296640.3230,4571.5628,2472.4416
138986,Deutschland ,German,European,63612.0721,282040.1044,2540.1313,1553.6513
139013,Deutschland ,German,European,56515.7002,348369.1754,2806.4796,12251.1343
139054,Deutschland ,German,European,52643.2857,458869.3420,1275.5693,28505.7930
139131,Deutschland ,German,European,49156.2726,243708.6800,3175.0924,3698.5916
139133,Deutschland ,German,European,50644.0515,231397.3750,3768.4710,902.2625
139161,Deutschland ,German,European,35057.3397,398298.5163,2467.9851,27830.0323
139175,Deutschland ,German,European,50323.9700,248090.3760,5197.2419,2486.9345
139181,Deutschland ,German,European,52561.5175,236399.5000,2082.7025,2451.5650
139198,Scandinavian,Swedish,European,51384.0450,223274.7784,718.7593,1819.6766
139201,Scandinavian,Swedish,European,50401.2116,202257.2475,121.2086,26.0549
139208,Scandinavian,Swedish,European,84313.7160,382400.0000,8460.3160,2940.0240
139212,Scandinavian,Swedish,European,83965.6535,384486.6488,1846.5032,5323.3158
139220,Scandinavian,Swedish,European,134373.7484,976909.2620,5221.0361,46534.1290
139229,Scandinavian,Swedish,European,54256.7967,320009.9380,3633.3300,10172.0425
139231,Scandinavian,Swedish,European,58659.1848,255734.4264,1383.1246,2234.4352
139263,Scandinavian,Swedish,European,160574.0006,866869.7766,54467.6117,3054.6286
139296,Scandinavian,Swedish,European,56377.0000,254432.5000,2427.4400,1960.4550
139302,Scandinavian,Swedish,European,61952.6966,266026.0000,998.1318,1694.1546
139325,Scandinavian,Swedish,European,90416.8596,435362.1120,9297.8940,3543.6252
139336,Scandinavian,Swedish,European,62358.6550,277959.5000,3244.9690,1918.1965
139366,Scandinavian,Swedish,European,61464.6050,263318.1568,680.4836,1809.5232
139371,Scandinavian,Swedish,European,51911.8159,220796.8302,567.3641,1500.5669
139374,Scandinavian,Swedish,European,73529.1105,305892.0647,1553.5336,1193.8371
139386,Scandinavian,Swedish,European,152635.3120,691941.6360,8910.6001,4016.9251
139415,Scandinavian,Swedish,European,128142.2110,547579.3685,8718.8474,1736.1189
139456,Scandinavian,Swedish,European,31657.2894,442051.8813,66947.8321,2995.6941
139471,Scandinavian,Swedish,European,88.1876,282117.8632,51488.6357,6832.3139
139528,Scandinavian,Swedish,European,121723.6563,604536.2568,19952.9026,2834.1616
139602,Scandinavian,Swedish,European,80639.1179,322396.0558,0.4068,0.0267
139605,Scandinavian,Swedish,European,63305.1504,289236.9520,4703.3895,1130.3970
139609,Scandinavian,Swedish,European,3893.1163,312739.0310,57602.1886,5758.2000
139613,Scandinavian,Swedish,European,146088.7233,574695.5617,92.4972,0.0265
139637,Scandinavian,Swedish,European,52.8737,674224.6065,66083.0856,43349.1955
139678,Scandinavian,Swedish,European,132251.7433,563177.6570,3973.0180,2214.0800
139726,Scandinavian,Swedish,European,161871.9112,627108.2895,202.6410,1.0313
139738,Scandinavian,Swedish,European,22732.8548,297022.1168,249.9723,23178.0097
139794,Scandinavian,Swedish,European,481.4336,326900.5836,422.8182,36561.9296
139893,Scandinavian,Swedish,European,33.4673,265620.7637,52302.4874,6125.7213
139906,Scandinavian,Swedish,European,90605.6900,479974.0000,10188.9100,8009.9900
139968,Scandinavian,Swedish,European,5217.8196,531325.5080,19029.7480,47787.3260
139994,Scandinavian,Swedish,European,172193.3607,728680.7750,5513.2713,2931.5881
140062,Scandinavian,Swedish,European,54564.6200,241137.0000,4235.1200,350.7000
140139,Scandinavian,Swedish,European,3202.9247,1105682.0430,62943.1467,91711.7107
140240,Spanish and Portuguese,Spanish,European,122221.5716,824156.4565,40772.2304,17845.1231
140245,Spanish and Portuguese,Spanish,European,45359.7103,1048604.2400,2.6962,98104.5118
140268,Spanish and Portuguese,Spanish,European,70.4797,1364752.4340,50491.9905,127265.7117
140270,Spanish and Portuguese,Spanish,European,3584.3995,1040924.8430,38773.4816,95686.1272
140651,Spanish and Portuguese,Spanish,European,50410.9653,201833.4720,27.4784,21.1506
140909,Spanish and Portuguese,Spanish,European,74051.7273,348240.3000,5549.9265,2668.1222
140915,Spanish and Portuguese,Spanish,European,51878.7376,208997.4792,218.9312,164.7742
141131,Spanish and Portuguese,Spanish,European,84680.3958,407560.7079,8378.7473,3553.6286
141178,Spanish and Portuguese,Spanish,European,2475.2056,216988.4380,37019.2840,5447.2062
141305,Spanish and Portuguese,Spanish,European,79128.5357,568692.0647,43846.1534,6985.5309
141739,Spanish and Portuguese,Spanish,European,60911.4154,282062.3399,5127.3775,1617.0001
141747,Spanish and Portuguese,Spanish,European,71199.8800,320714.1480,4048.3115,1633.6997
142238,Scandinavian,Finnish,European,6361.6288,1052369.3730,38331.2650,95559.0870
142395,Eastern European,Czech,European,59219.3706,276598.3835,5753.4307,1126.6593
142883,Canadian,Canadian,North American,75932.1632,352541.2286,16.7033,10.6209
142912,Canadian,Canadian,North American,116.3629,162282.7252,35947.4123,935.9644
142992,Canadian,Canadian,North American,45.1306,265489.7125,52306.5576,6103.6066
143127,Canadian,Canadian,North American,53422.9358,436556.2220,5587.6643,23723.3376
144233,Canadian,Canadian,North American,5623.1600,2283211.3600,3046.0872,254332.2912
144390,Canadian,Canadian,North American,191291.2601,922601.6341,16413.1287,9473.8557
145031,Canadian,Canadian,North American,7364.1250,368571.2500,9146.6750,34287.3000
145503,Canadian,Canadian,North American,12227.8910,477259.6848,29565.7766,35864.6364
145749,Canadian,Canadian,North American,21982.8503,460925.3800,404.7362,42322.0158
147022,Canadian,Canadian,North American,60726.8255,242875.9000,1332.9975,1254.5020
148959,Canadian,Canadian,North American,5287.3603,239610.3900,2621.9079,24973.3242
